player,first,last,name,position,week6-cur,week6-pred,week6-act,week6-diff,week6-pct,rank-cur,rank-pred,rank-act
TG-1950,Todd,Gurley,Todd Gurley,RB,61.8,222,126.6,95.58966962379449,0.4302165343044271,46.0,1.0,48.0
DP-2037,Dak,Prescott,Dak Prescott,QB,117.44,217,227.30000000000004,-9.51584905660374,-0.04369394657684241,6.0,2.0,5.0
KM-3500,Kyler,Murray,Kyler Murray,QB,98.56,216,189.72,27.111999999999995,0.12503689492325853,10.0,3.0,14.0
RW-3850,Russell,Wilson,Russell Wilson,QB,128.4,213,205.24,8.692136752136776,0.04063034607188328,2.0,4.0,10.0
DW-1725,Deshaun,Watson,Deshaun Watson,QB,124.76,205,199.22000000000003,6.5054054054053845,0.031621789212595015,5.0,5.0,12.0
GM-1350,Gardner,Minshew,Gardner Minshew,QB,90.56,199,141.68,57.55200000000002,0.2888692579505301,15.0,6.0,35.0
MS-4100,Matthew,Stafford,Matthew Stafford,QB,79.28,196,91.28,105.69172126314095,0.5365832241570552,27.0,7.0,109.0
MR-2500,Matt,Ryan,Matt Ryan,QB,108.7,195,160.64,35.254466325349455,0.17996662686120704,7.0,8.0,27.0
SB-0212,Saquon,Barkley,Saquon Barkley,RB,37.1,195,159.0,36.37142857142854,0.1861655454811347,132.0,8.0,29.0
AK-0050,Alvin,Kamara,Alvin Kamara,RB,70.82,190,98.7,91.8145945945946,0.4819294542235538,34.0,10.0,88.0
TB-2300,Tom,Brady,Tom Brady,QB,100.06,185,165.62000000000003,20.155207930501376,0.1084924525453442,9.0,11.0,25.0
PR-0300,Philip,Rivers,Philip Rivers,QB,80.00000000000001,182,160.5,22.270153577626047,0.12184786816501457,25.0,12.0,28.0
PM-0025,Patrick,Mahomes,Patrick Mahomes,QB,128.34,182,167.70000000000005,14.823243243243212,0.08121290735278422,3.0,12.0,24.0
CM-1225,Christian,McCaffrey,Christian McCaffrey,RB,132.60000000000002,181,230.6,-48.751351351351325,-0.2680875096605432,1.0,14.0,4.0
EE-0250,Ezekiel,Elliott,Ezekiel Elliott,RB,69.8,180,187.8,-7.007547169811347,-0.038760175328741535,35.0,15.0,16.0
CW-1425,Carson,Wentz,Carson Wentz,QB,97.98,180,181.88,-1.5720754716980991,-0.008718837376730713,11.0,15.0,19.0
AR-1300,Aaron,Rodgers,Aaron Rodgers,QB,76.48,178,205.9,-27.7705034420633,-0.1559006451973603,29.0,17.0,9.0
TB-2650,Teddy,Bridgewater,Teddy Bridgewater,QB,57.16,174,33.3,141.34619005824752,0.8093287921775225,55.0,18.0,271.0
KC-2350,Kirk,Cousins,Kirk Cousins,QB,65.64,170,184.74,-14.337719167062714,-0.08414041817385907,40.0,19.0,17.0
BM-0650,Baker,Mayfield,Baker Mayfield,QB,49.88,167,183.29999999999995,-15.311428571428536,-0.091145656167086,79.0,20.0,18.0
JA-1087,Josh,Allen,Josh Allen,QB,82.68,167,208.88,-41.60000000000002,-0.2486848397895745,21.0,20.0,7.0
AD-0100,Andy,Dalton,Andy Dalton,QB,81.04,164,124.58,39.94522188586518,0.24279087077345546,23.0,22.0,49.0
JJ-0587,Josh,Jacobs,Josh Jacobs,RB,74.7,164,96.9,67.44,0.4103687477181453,32.0,22.0,94.0
LJ-0150,Lamar,Jackson,Lamar Jackson,QB,125.64,162,298.74,-136.35142857142858,-0.8396614821591949,4.0,24.0,1.0
JG-1850,Jared,Goff,Jared Goff,QB,81.3,161,168.26000000000005,-6.816981132075482,-0.04222530760312659,22.0,25.0,23.0
DC-0725,Derek,Carr,Derek Carr,QB,61.38,160,188.02,-27.6348235294117,-0.1723028532782107,47.0,26.0,15.0
DJ-1325,David,Johnson,David Johnson,RB,69.1,155,36.4,118.77194056023548,0.7654215068228134,37.0,27.0,259.0
DH-3950,DeAndre,Hopkins,DeAndre Hopkins,WR,44.7,152,121.84,31.118139627114004,0.2034421947270982,102.0,28.0,51.0
NC-0175,Nick,Chubb,Nick Chubb,RB,85.6,152,135.6,16.457142857142827,0.10822998872604267,19.0,28.0,42.0
MM-0912,Marcus,Mariota,Marcus Mariota,QB,87.14000000000001,151,-0.1200000000000001,151.82153275319004,1.0007910269449634,17.0,30.0,640.0
CK-0250,Case,Keenum,Case Keenum,QB,56.99999999999999,148,48.48,100.31910710045177,0.6741915933186886,57.0,31.0,215.0
KH-2850,Kareem,Hunt,Kareem Hunt,RB,0.0,148,60.8,87.22162162162165,0.5892491966111599,475.0,31.0,181.0
PL-0275,Phillip,Lindsay,Phillip Lindsay,RB,64.9,146,97.8,48.88571428571429,0.3332684067004285,42.0,33.0,91.0
JW-5650,Jameis,Winston,Jameis Winston,QB,93.54,145,214.82,-69.32129569036991,-0.4764392646607353,12.0,34.0,6.0
JF-1900,Joe,Flacco,Joe Flacco,QB,66.52,143,19.36,124.25502760437463,0.8651951656944131,39.0,35.0,359.0
MT-1800,Mitchell,Trubisky,Mitchell Trubisky,QB,33.62,140,169.2,-28.39135135135137,-0.20163073521282496,156.0,36.0,22.0
JH-5575,Jordan,Howard,Jordan Howard,RB,59.5,135,41.90000000000001,93.33773584905659,0.6901752329929125,52.0,37.0,240.0
TH-1750,Tyreek,Hill,Tyreek Hill,WR,2.1,135,136.2,-0.5094339622640973,-0.0037543801101280866,428.0,37.0,39.0
MT-0875,Michael,Thomas,Michael Thomas,WR,72.3,132,153.29999999999995,-20.847169811320807,-0.1573931623931629,33.0,39.0,31.0
LM-1000,LeSean,McCoy,LeSean McCoy,RB,46.8,127,43.8,83.42419813522373,0.6557258710057189,95.0,40.0,234.0
DJ-2275,Daniel,Jones,Daniel Jones,QB,57.2,125,160.78000000000003,-34.94000000000001,-0.2776541640178005,54.0,41.0,26.0
JS-4750,Juju,Smith-Schuster,Juju Smith-Schuster,WR,45.3,122,27.9,94.33783783783785,0.7717564340673918,99.0,42.0,309.0
BC-2325,Brandin,Cooks,Brandin Cooks,WR,42.2,122,33.300000000000004,88.79700052036642,0.7272660273546573,111.0,42.0,270.0
JJ-4700,Julio,Jones,Julio Jones,WR,62.0,121,115.09999999999998,6.74360902255647,0.055346432009479064,45.0,44.0,54.0
ME-0600,Mike,Evans,Mike Evans,WR,62.8,121,106.9,14.371764705882384,0.11850874554961655,44.0,44.0,69.0
MB-4075,Marquise,Brown,Marquise Brown,WR,54.6,120,49.8,70.31999999999998,0.5854145854145854,60.0,46.0,210.0
KA-0650,Keenan,Allen,Keenan Allen,WR,65.3,120,92.2,27.955378364021954,0.2326602333133064,41.0,46.0,105.0
LF-0650,Leonard,Fournette,Leonard Fournette,RB,69.5,118,113.89999999999998,4.835135135135147,0.040722024947646464,36.0,48.0,57.0
MI-0100,Mark,Ingram,Mark Ingram,RB,79.9,115,136.1,-20.150186220888344,-0.173783687650203,26.0,49.0,40.0
FG-0200,Frank,Gore,Frank Gore,RB,49.0,115,32.90000000000001,82.12940312697974,0.7139861713123727,82.0,49.0,273.0
HB-0500,Harrison,Butker,Harrison Butker,K,48.0,114,114.0,0.4864864864864842,0.004249291784702529,87.0,51.0,55.0
AT-0350,Adam,Thielen,Adam Thielen,WR,61.00000000000001,113,23.4,90.12231023028376,0.7938731166364362,48.0,52.0,333.0
JM-5275,Joe,Mixon,Joe Mixon,RB,37.1,113,153.4,-40.275675675675686,-0.3560301987767585,132.0,52.0,30.0
AR-1250,Allen,Robinson,Allen Robinson,WR,49.7,113,107.2,6.7784364680727975,0.059471218224436226,80.0,52.0,67.0
CR-0862,Calvin,Ridley,Calvin Ridley,WR,47.5,112,86.49999999999999,25.67142857142859,0.2288588894549161,90.0,55.0,124.0
WL-0300,Wil,Lutz,Wil Lutz,K,50.0,112,109.0,3.3018867924528195,0.029401881720430012,73.0,55.0,62.0
CB-2275,Chris,Boswell,Chris Boswell,K,43.0,112,81.0,31.582264675490137,0.2805261092102173,107.0,55.0,135.0
EM-0200,Eli,Manning,Eli Manning,QB,25.04,112,31.34,81.30537392821722,0.721781739390636,207.0,55.0,289.0
DH-2450,Derrick,Henry,Derrick Henry,RB,80.4,111,204.1,-92.3732075471698,-0.8267775841338033,24.0,59.0,11.0
TM-2275,Terry,McLaurin,Terry McLaurin,WR,50.8,111,87.1,24.66000000000001,0.22065139584824636,70.0,59.0,123.0
JS-3825,Joey,Slye,Joey Slye,K,50.0,110,74.0,36.0,0.3272727272727273,73.0,61.0,156.0
MG-0306,Matt,Gay,Matt Gay,K,50.0,110,90.0,20.0,0.18181818181818185,73.0,61.0,113.0
SD-0175,Sam,Darnold,Sam Darnold,QB,13.0,110,177.16,-67.12000000000002,-0.6099600145401675,290.0,61.0,20.0
JG-0650,Jimmy,Garoppolo,Jimmy Garoppolo,QB,57.44,109,194.92,-85.35118713037942,-0.7789733674667215,53.0,64.0,13.0
TH-1850,T.Y.,Hilton,T.Y. Hilton,WR,47.2,108,32.90000000000001,75.25427272139616,0.6958048982054558,91.0,65.0,273.0
LF-0200,Larry,Fitzgerald,Larry Fitzgerald,WR,47.8,107,54.6,52.64416326530619,0.4908813837735143,88.0,66.0,200.0
JT-3950,Justin,Tucker,Justin Tucker,K,50.0,104,102.0,2.344535885311643,0.0224691773787618,73.0,67.0,81.0
TK-0150,Travis,Kelce,Travis Kelce,TE,49.9,103,107.40000000000002,-3.7022472804714814,-0.035702290390853084,78.0,68.0,65.0
AJ-1143,Aaron,Jones,Aaron Jones,RB,93.2,101,176.60000000000005,-75.54054054054056,-0.7474860932819857,13.0,69.0,21.0
SM-2625,Sony,Michel,Sony Michel,RB,45.6,101,95.2,6.34285714285717,0.0624648283624088,96.0,69.0,96.0
MM-0050,Marlon,Mack,Marlon Mack,RB,67.2,100,102.1,-1.364864864864856,-0.0135490448594118,38.0,71.0,80.0
CHI,Chicago,Bears,Chicago Bears,DF,52.0,98,38.0,60.78016854495938,0.6153073986434386,65.0,72.0,252.0
AC-2350,Amari,Cooper,Amari Cooper,WR,83.19999999999997,98,88.3,10.029150382485609,0.10199569856419713,20.0,72.0,119.0
JE-0250,Jake,Elliott,Jake Elliott,K,30.0,97,76.0,21.297297297297305,0.21888888888888894,177.0,74.0,149.0
AB-3500,Antonio,Brown,Antonio Brown,WR,12.1,96,0.0,96.20397077631405,1.0,299.0,75.0,576.0
AE-0550,Austin,Ekeler,Austin Ekeler,RB,92.3,96,130.7,-34.05135135135132,-0.3523210290827736,14.0,75.0,45.0
LB-0250,Le'Veon,Bell,Le'Veon Bell,RB,43.2,95,105.8,-10.012921219720667,-0.10453310975991607,106.0,77.0,72.0
BAL,Baltimore,Ravens,Baltimore Ravens,DF,21.0,95,114.0,-18.648867313915915,-0.19558097306837344,235.0,77.0,55.0
DF-1875,Devonta,Freeman,Devonta Freeman,RB,40.0,95,98.6,-3.0528519250401445,-0.03195126161845336,122.0,77.0,89.0
JL-0215,Jarvis,Landry,Jarvis Landry,WR,41.3,95,115.1,-19.920235294117674,-0.2092906549587904,119.0,77.0,53.0
CK-1300,Cooper,Kupp,Cooper Kupp,WR,75.0,94,103.6,-9.221621621621637,-0.0977090492554412,31.0,81.0,77.0
JC-4075,James,Conner,James Conner,RB,50.7,94,60.8,33.2864864864865,0.35378605078708497,71.0,81.0,181.0
ES-0200,Emmanuel,Sanders,Emmanuel Sanders,WR,43.8,93,80.0,13.274519243546633,0.14231667288346872,104.0,83.0,138.0
NE,New England,Patriots,New England Patriots,DF,76.0,93,113.0,-19.38193069616132,-0.2070319420202633,30.0,83.0,58.0
MP-2100,Matt,Prater,Matt Prater,K,34.0,93,94.0,-0.8677627757161162,-0.009317533880629792,153.0,83.0,100.0
TC-1975,Tarik,Cohen,Tarik Cohen,RB,22.5,92,60.39999999999999,31.896216216216217,0.34558530700213186,224.0,86.0,183.0
OB-0075,Odell,Beckham Jr.,Odell Beckham Jr.,WR,41.8,91,87.5,4.289978296871055,0.046736891940384,116.0,87.0,121.0
DM-2787,David,Montgomery,David Montgomery,RB,41.7,91,103.7,-11.960000000000008,-0.130368432526706,118.0,87.0,76.0
KJ-0587,Kerryon,Johnson,Kerryon Johnson,RB,45.0,91,30.0,61.44000000000002,0.6719160104986878,100.0,87.0,298.0
GK-0075,George,Kittle,George Kittle,TE,31.3,90,108.2,-17.69999999999999,-0.19558011049723745,170.0,90.0,64.0
MB-3537,Matt,Breida,Matt Breida,RB,52.6,90,33.70000000000001,57.16666666666664,0.6291269258987525,64.0,90.0,266.0
CC-0750,Chris,Carson,Chris Carson,RB,60.7,89,135.09999999999997,-45.97567567567563,-0.5158600194080538,49.0,92.0,43.0
DM-2275,D.K.,Metcalf,D.K. Metcalf,WR,40.7,89,92.4,-2.859999999999985,-0.031941031941031775,121.0,92.0,103.0
CS-4462,Courtland,Sutton,Courtland Sutton,WR,60.1,89,92.32,-2.9485714285714413,-0.03299232736572904,50.0,92.0,104.0
PIT,Pittsburgh,Steelers,Pittsburgh Steelers,DF,45.0,88,119.0,-30.074433656957932,-0.3381978309920665,100.0,95.0,52.0
CG-1425,Chris,Godwin,Chris Godwin,WR,87.10000000000002,88,104.99999999999996,-16.84864864864862,-0.19113318616629846,18.0,95.0,74.0
MC-3000,Mason,Crosby,Mason Crosby,K,36.0,87,82.0,5.385786802030466,0.061632297415045126,138.0,97.0,133.0
RT-0150,Ryan,Tannehill,Ryan Tannehill,QB,-0.2,87,231.38,-144.29633705973544,-1.6569851587285225,644.0,97.0,3.0
PHI,Philadelphia,Eagles,Philadelphia Eagles,DF,47.0,87,59.0,28.252427184466,0.3238010459552686,92.0,97.0,188.0
DC-3550,Dalvin,Cook,Dalvin Cook,RB,104.2,87,137.20000000000002,-49.43783783783785,-0.5633160877063317,8.0,97.0,38.0
DB-0200,Dan,Bailey,Dan Bailey,K,43.0,86,96.0,-9.870137395592335,-0.1145959960591791,107.0,101.0,95.0
RG-1500,Robbie,Gould,Robbie Gould,K,35.0,86,107.0,-20.40768092803677,-0.23567541725123226,142.0,101.0,68.0
SD-0537,Stefon,Diggs,Stefon Diggs,WR,31.300000000000004,86,127.7,-41.230434782608725,-0.4768201930812555,169.0,101.0,47.0
AJ-0430,Alshon,Jeffery,Alshon Jeffery,WR,32.1,86,47.1,39.12450469077754,0.4537515736516866,161.0,101.0,222.0
GB,Green Bay,Packers,Green Bay Packers,DF,44.0,86,60.0,26.647249190938496,0.3075371629192499,103.0,101.0,184.0
MB-0020,Michael,Badgley,Michael Badgley,K,51.0,86,13.0,73.28571428571429,0.8493377483443709,67.0,101.0,396.0
AB-3150,A.J.,Brown,A.J. Brown,WR,39.0,85,136.1,-50.3,-0.5862470862470862,125.0,107.0,40.0
KG-0650,Kenny,Golladay,Kenny Golladay,WR,48.3,85,142.7,-57.36666666666666,-0.672265625,85.0,107.0,33.0
MH-0875,Mecole,Hardman,Mecole Hardman,WR,38.7,85,62.8,22.340000000000003,0.2623913554146113,129.0,107.0,175.0
SEA,Seattle,Seahawks,Seattle Seahawks,DF,30.0,85,82.0,3.686084142394833,0.0430184688597652,177.0,107.0,133.0
CM-2137,Chase,McLaughlin,Chase McLaughlin,K,39.0,85,48.0,37.8,0.4405594405594405,125.0,107.0,217.0
AV-0400,Adam,Vinatieri,Adam Vinatieri,K,32.0,85,43.0,42.55818767075127,0.4974180593273613,162.0,107.0,235.0
RB-4650,Randy,Bullock,Randy Bullock,K,32.0,84,81.0,3.813277104225918,0.04496085087644747,162.0,113.0,135.0
MIA,Miami,Dolphins,Miami Dolphins,DF,-1.0,84,42.0,42.857142857142854,0.505050505050505,648.0,113.0,238.0
DM-2850,D.J.,Moore,D.J. Moore,WR,42.4,83,105.1,-21.442857142857136,-0.2563183060109289,110.0,115.0,73.0
AP-0700,Adrian,Peterson,Adrian Peterson,RB,17.2,83,112.79999999999998,-29.159285288707228,-0.3486254916562816,265.0,115.0,59.0
CAR,Carolina,Panthers,Carolina Panthers,DF,50.0,83,43.0,40.62135922330093,0.48577731336352004,73.0,115.0,235.0
GZ-2000,Greg,Zuerlein,Greg Zuerlein,K,56.0,83,65.0,18.324041798091454,0.21991302153217404,59.0,115.0,172.0
JE-0100,Julian,Edelman,Julian Edelman,WR,47.78,83,106.5,-23.288445442893792,-0.2798703325138753,89.0,115.0,70.0
TL-1025,Tyler,Lockett,Tyler Lockett,WR,57.10000000000001,82,98.1,-15.950724637681148,-0.19416756346700054,56.0,120.0,90.0
SS-1250,Sterling,Shepard,Sterling Shepard,WR,38.90000000000001,82,45.9,36.58301886792452,0.44352182267362056,128.0,120.0,225.0
TW-2875,Tyrell,Williams,Tyrell Williams,WR,45.6,82,59.5,23.22427611324221,0.28074317726818465,96.0,120.0,187.0
JR-3250,Josh,Rosen,Josh Rosen,QB,18.58,80,-0.6000000000000001,80.69999999999997,1.00749063670412,258.0,123.0,645.0
CH-5000,Carlos,Hyde,Carlos Hyde,RB,43.8,80,101.4,-21.137075543569324,-0.26334793663098105,104.0,123.0,84.0
BM-1650,Brandon,McManus,Brandon McManus,K,35.0,79,91.0,-11.650196942956724,-0.14682074175510668,142.0,125.0,111.0
EE-0400,Evan,Engram,Evan Engram,TE,51.8,78,15.6,63.113513513513524,0.8018129377832716,66.0,126.0,376.0
RA-1125,Robby,Anderson,Robby Anderson,WR,13.099999999999998,78,99.1,-20.315384615384602,-0.2578597930091777,289.0,126.0,87.0
JW-2550,James,White,James White,RB,30.1,78,92.10000000000002,-14.076661825290856,-0.1804160415922031,176.0,126.0,106.0
AH-3862,Adam,Humphries,Adam Humphries,WR,14.3,78,35.2,42.91586254156714,0.5493872965779605,278.0,126.0,261.0
SF,San Francisco,49ers,San Francisco 49ers,DF,51.0,78,89.0,-10.025974025974023,-0.12695280381516194,67.0,126.0,116.0
ARI,Arizona,Cardinals,Arizona Cardinals,DF,13.0,78,50.0,28.35275080906148,0.36186031142868935,290.0,126.0,208.0
NYG,New York,Giants,New York Giants,DF,31.0,78,40.0,38.416115243326345,0.4899007700664663,172.0,126.0,246.0
DET,Detroit,Lions,Detroit Lions,DF,33.0,78,41.0,37.77922077922079,0.479558193208045,158.0,126.0,243.0
TEN,Tennessee,Titans,Tennessee Titans,DF,47.0,78,80.0,-1.0064724919093777,-0.01274120201564987,92.0,126.0,138.0
ZE-0100,Zach,Ertz,Zach Ertz,TE,39.2,77,88.39999999999998,-10.473784395074842,-0.13440642938668348,124.0,135.0,118.0
MIN,Minnesota,Vikings,Minnesota Vikings,DF,43.0,77,100.0,-22.78640776699029,-0.2951087639884321,107.0,135.0,85.0
NYJ,New York,Jets,New York Jets,DF,39.0,77,76.0,1.4020259291117014,0.018113555973273108,125.0,135.0,149.0
AS-0575,Austin,Seibert,Austin Seibert,K,35.0,77,77.0,0.0,0.0,142.0,135.0,145.0
SW-0450,Sammy,Watkins,Sammy Watkins,WR,56.49999999999999,77,33.99999999999999,43.3494117647059,0.5604362176220969,58.0,135.0,263.0
LA,Los Angeles,Rams,Los Angeles Rams,DF,31.0,77,102.0,-24.46601941747575,-0.31555221637866304,172.0,135.0,81.0
JL-0207,Josh,Lambo,Josh Lambo,K,49.0,76,84.0,-7.363718292652508,-0.09608658103706656,82.0,141.0,131.0
DEN,Denver,Broncos,Denver Broncos,DF,19.0,76,73.0,3.3847780348169607,0.04431220619995969,249.0,141.0,159.0
KC,Kansas City,Chiefs,Kansas City Chiefs,DF,34.0,76,92.0,-15.640776699029145,-0.2048315321042597,153.0,141.0,107.0
LAC,Los Angeles,Chargers,Los Angeles Chargers,DF,36.0,76,38.0,38.96440129449836,0.5062652426204691,138.0,141.0,252.0
BUF,Buffalo,Bills,Buffalo Bills,DF,37.0,76,85.0,-8.245105046663241,-0.10742122768425212,134.0,141.0,129.0
JB-5725,Jacoby,Brissett,Jacoby Brissett,QB,90.08,75,130.6,-55.502641509433964,-0.7390758160475963,16.0,146.0,46.0
KD-1462,Kenyan,Drake,Kenyan Drake,RB,27.0,75,139.20000000000002,-63.350943396226434,-0.8352238805970154,196.0,146.0,37.0
MJ-2250,Marvin,Jones,Marvin Jones,WR,34.1,75,97.8,-22.22505395968116,-0.2940796536966657,151.0,146.0,91.0
IND,Indianapolis,Colts,Indianapolis Colts,DF,25.0,74,77.0,-2.3495145631068084,-0.03147353361945653,208.0,149.0,145.0
CIN,Cincinnati,Bengals,Cincinnati Bengals,DF,13.0,74,50.0,24.40129449838186,0.32796868203566754,290.0,149.0,208.0
GB-0350,Giovani,Bernard,Giovani Bernard,RB,13.3,74,25.1,49.81930722068361,0.6649728764033416,284.0,149.0,323.0
WS-0925,Willie,Snead,Willie Snead,WR,34.5,74,31.6,42.70701118606495,0.5747373027711542,148.0,149.0,286.0
ATL,Atlanta,Falcons,Atlanta Falcons,DF,7.0,73,60.0,13.26213592233006,0.18102305857407855,342.0,153.0,184.0
MB-4600,Matt,Bryant,Matt Bryant,K,33.0,73,12.0,61.702996033213346,0.8371843663642609,158.0,153.0,401.0
JW-3650,Jamaal,Williams,Jamaal Williams,RB,20.200000000000006,73,87.10000000000002,-13.348648648648677,-0.18099530929346275,241.0,153.0,122.0
TH-1875,T.J.,Hockenson,T.J. Hockenson,TE,28.6,73,20.1,53.58000000000001,0.7271986970684039,188.0,153.0,353.0
MG-1050,Marquise,Goodwin,Marquise Goodwin,WR,24.1,73,2.0,71.7000063541352,0.9728629602772376,213.0,153.0,507.0
DJ-1850,Duke,Johnson,Duke Johnson,RB,29.0,72,81.0,-8.846376811594226,-0.12260474832282205,184.0,158.0,135.0
LM-1850,Latavius,Murray,Latavius Murray,RB,18.6,72,104.60000000000002,-32.008768169733536,-0.4409453781494817,257.0,158.0,75.0
NO,New Orleans,Saints,New Orleans Saints,DF,36.0,72,89.0,-16.200647249190965,-0.2225383418537457,138.0,158.0,116.0
DW-0675,Darren,Waller,Darren Waller,TE,36.6,72,94.5,-21.59048135923201,-0.2961270594256743,137.0,158.0,98.0
KS-2350,Kenny,Stills,Kenny Stills,WR,24.8,72,55.3,17.182376237623757,0.23705591799713685,210.0,158.0,199.0
DJ-1675,Diontae,Johnson,Diontae Johnson,WR,32.4,71,75.7,-4.420000000000002,-0.062008978675645365,160.0,163.0,153.0
MC-2900,Michael,Crabtree,Michael Crabtree,WR,2.2,71,0.0,71.71835881778621,1.0,426.0,163.0,576.0
DAL,Dallas,Cowboys,Dallas Cowboys,DF,27.0,71,65.0,6.588996763754026,0.09203923873242596,196.0,163.0,172.0
JG-2900,Jimmy,Graham,Jimmy Graham,TE,25.200000000000006,71,37.5,34.13481121265575,0.4765114981782089,206.0,163.0,255.0
MA-1050,Mark,Andrews,Mark Andrews,TE,49.1,71,94.1,-23.071428571428555,-0.32481898632341083,81.0,163.0,99.0
HOU,Houston,Texans,Houston Texans,DF,37.0,70,54.0,16.606498194945853,0.2351978729931487,134.0,168.0,201.0
NF-0300,Nick,Folk,Nick Folk,K,42.0,70,25.0,45.24619319870034,0.6441088283704669,113.0,168.0,324.0
RW-4050,Robert,Woods,Robert Woods,WR,39.8,70,103.1,-32.5854829072835,-0.4621102753130715,123.0,168.0,78.0
PW-1150,Preston,Williams,Preston Williams,WR,26.1,70,32.7,37.38000000000001,0.5333904109589042,200.0,168.0,277.0
RF-1400,Royce,Freeman,Royce Freeman,RB,35.3,70,63.899999999999984,6.1571428571428655,0.08788743882544874,141.0,168.0,174.0
TB,Tampa Bay,Buccaneers,Tampa Bay Buccaneers,DF,38.0,70,91.0,-20.80410859796703,-0.2963721691176432,130.0,168.0,111.0
WF-0300,Will,Fuller,Will Fuller,WR,60.0,69,27.0,42.441509433962274,0.6111835670035866,51.0,174.0,312.0
JAC,Jacksonville,Jaguars,Jacksonville Jaguars,DF,23.0,68,77.0,-8.258899676375435,-0.12014500258933244,220.0,175.0,145.0
CLE,Cleveland,Browns,Cleveland Browns,DF,32.0,68,56.0,12.082524271844662,0.17746880570409984,162.0,175.0,196.0
TB-2075,Tyler,Boyd,Tyler Boyd,WR,48.8,68,86.00000000000001,-17.962264150943426,-0.26400443704936266,84.0,175.0,126.0
JM-7000,Jason,Myers,Jason Myers,K,24.0,68,88.0,-19.235372927345065,-0.2797277284296397,214.0,175.0,120.0
RF-0500,Ryan,Fitzpatrick,Ryan Fitzpatrick,QB,9.52,68,232.94000000000003,-164.87896258842545,-2.422516154013043,323.0,175.0,2.0
MS-0125,Miles,Sanders,Miles Sanders,RB,30.6,67,140.10000000000002,-72.78000000000002,-1.0811051693404636,174.0,180.0,36.0
WAS,Washington,Redskins,Washington Redskins,DF,19.0,67,60.0,7.815533980582501,0.1152469577666425,249.0,180.0,184.0
RC-1500,Randall,Cobb,Randall Cobb,WR,28.1,67,71.8,-4.704921686794421,-0.07012320135959069,191.0,180.0,162.0
JS-0350,Jason,Sanders,Jason Sanders,K,17.0,67,86.0,-18.19999999999999,-0.26843657817109123,267.0,180.0,127.0
BM-0062,Brett,Maher,Brett Maher,K,22.0,67,74.0,-6.467634795478602,-0.09577089112592764,227.0,180.0,156.0
KF-0075,Ka'imi,Fairbairn,Ka'imi Fairbairn,K,29.0,66,76.0,-9.660377358490566,-0.14562002275312852,184.0,185.0,149.0
EE-0050,Eric,Ebron,Eric Ebron,TE,27.6,66,29.9,36.1679499353509,0.5474356321142417,193.0,185.0,300.0
DL-1700,Dion,Lewis,Dion Lewis,RB,9.7,66,31.6,34.49487777807829,0.5218994109331604,318.0,185.0,286.0
JB-6950,John,Brown,John Brown,WR,45.4,65,106.42,-40.627058823529396,-0.6174987483012656,98.0,188.0,71.0
CK-0825,Christian,Kirk,Christian Kirk,WR,28.000000000000004,64,74.19999999999997,-9.914285714285695,-0.15422222222222193,192.0,189.0,155.0
NH-1237,Nyheim,Hines,Nyheim Hines,RB,15.0,64,58.90000000000001,5.614285714285729,0.0870239149689993,277.0,189.0,189.0
DC-0450,Daniel,Carlson,Daniel Carlson,K,25.0,63,66.0,-2.5714285714285694,-0.040540540540540515,208.0,191.0,171.0
DP-0350,DeVante,Parker,DeVante Parker,WR,26.1,63,150.1,-86.56641863857539,-1.36253012632994,200.0,191.0,32.0
MG-0175,Michael,Gallup,Michael Gallup,WR,41.90000000000001,62,108.8,-46.742857142857154,-0.7532228360957645,114.0,193.0,63.0
PB-0125,Peyton,Barber,Peyton Barber,RB,41.9,62,58.6,3.664150943396237,0.05884848484848501,115.0,193.0,190.0
GE-0150,Gus,Edwards,Gus Edwards,RB,19.4,61,68.2,-6.94285714285715,-0.1133395522388061,243.0,195.0,165.0
MS-0150,Mohamed,Sanu,Mohamed Sanu,WR,34.40000000000001,61,30.7,31.17241141265347,0.5038176256740888,149.0,195.0,291.0
MV-0012,Marquez,Valdes-Scantling,Marquez Valdes-Scantling,WR,31.5,60,30.6,30.257142857142853,0.4971830985915493,166.0,197.0,292.0
TB-3950,Trey,Burton,Trey Burton,TE,5.699999999999998,60,2.7,58.00477332947175,0.9555224432624778,364.0,197.0,493.0
AH-3650,Austin,Hooper,Austin Hooper,TE,50.3,59,66.4,-6.6264150943396345,-0.11085858585858607,72.0,199.0,170.0
DW-2275,Dede,Westbrook,Dede Westbrook,WR,29.3,59,61.40000000000001,-1.4972972972973082,-0.02499548817902924,181.0,199.0,179.0
CD-0975,Corey,Davis,Corey Davis,WR,26.1,59,46.0,13.091891891891912,0.22155140870837933,200.0,199.0,224.0
MD-0150,Mike,Davis,Mike Davis,RB,3.9,59,1.0,58.67410003970239,0.9832423111645642,392.0,199.0,534.0
CA-0750,C.J.,Anderson,C.J. Anderson,RB,4.3,58,0.0,58.54317982932717,1.0,386.0,203.0,576.0
GJ-1200,Greg,Joseph,Greg Joseph,K,21.0,58,0.0,58.285714285714285,1.0,235.0,203.0,576.0
SH-0400,Stephen,Hauschka,Stephen Hauschka,K,23.0,58,78.0,-19.849752798982003,-0.3413528532452138,220.0,203.0,143.0
OH-0250,O.J.,Howard,O.J. Howard,TE,12.1,57,37.8,19.864864864864884,0.3444881889763782,299.0,206.0,254.0
JR-2075,Jalen,Richard,Jalen Richard,RB,8.7,56,38.1,18.254716981132084,0.3239252711932504,327.0,207.0,251.0
MW-2825,Mike,Williams,Mike Williams,WR,23.1,56,91.2,-34.832432432432405,-0.6179516685845795,218.0,207.0,110.0
DS-0150,Deebo,Samuel,Deebo Samuel,WR,21.8,56,112.40000000000002,-55.52000000000002,-0.976090014064698,230.0,207.0,60.0
TP-1650,Tony,Pollard,Tony Pollard,RB,25.6,56,50.6,5.720000000000006,0.10156250000000012,205.0,207.0,205.0
GO-0100,Greg,Olsen,Greg Olsen,TE,34.6,56,37.1,19.31999490365508,0.3424317023893149,146.0,207.0,257.0
NA-0050,Nelson,Agholor,Nelson Agholor,WR,34.8,56,20.2,36.53768115942029,0.6439755804745971,145.0,207.0,352.0
AM-0825,Alexander,Mattison,Alexander Mattison,RB,25.700000000000006,56,32.7,23.840000000000003,0.42164839051998587,203.0,207.0,277.0
AM-1975,Anthony,Miller,Anthony Miller,WR,8.0,55,67.5,-11.945714285714288,-0.21502777206336152,334.0,214.0,168.0
CT-1220,Chris,Thompson,Chris Thompson,RB,33.5,55,18.1,37.084252446929575,0.6720078791063324,157.0,214.0,365.0
IS-0250,Ito,Smith,Ito Smith,RB,24.0,54,1.2999999999999998,52.814285714285724,0.9759767687434002,214.0,216.0,523.0
MN-0800,Mike,Nugent,Mike Nugent,K,30.0,53,0.0,53.36706313855953,1.0,177.0,217.0,576.0
DP-1263,Dante,Pettis,Dante Pettis,WR,10.44,53,13.1,40.264,0.7545161532119031,308.0,217.0,394.0
DC-1418,D.J.,Chark,D.J. Chark,WR,78.5,53,74.3,-20.642857142857142,-0.3847177848775292,28.0,217.0,154.0
KR-1200,Kyle,Rudolph,Kyle Rudolph,TE,3.6,53,71.1,-18.044619942003134,-0.3401091448648163,402.0,217.0,164.0
AR-1450,Aldrick,Rosas,Aldrick Rosas,K,22.0,53,45.0,8.433962264150942,0.15783898305084745,227.0,217.0,229.0
JC-4300,Jared,Cook,Jared Cook,TE,19.1,52,107.4,-55.171449733514784,-1.0563465662365514,248.0,222.0,66.0
AC-0237,Antonio,Callaway,Antonio Callaway,WR,0.0,52,8.9,43.27142857142857,0.829408543263965,475.0,222.0,425.0
DN-1225,David,Njoku,David Njoku,TE,9.7,51,0.4,51.58918918918918,0.992306092742774,318.0,224.0,562.0
ZJ-0100,Zay,Jones,Zay Jones,WR,6.9,51,15.0,36.79459459459461,0.7103944896681278,346.0,224.0,377.0
ZG-0050,Zane,Gonzalez,Zane Gonzalez,K,47.0,51,85.0,-33.756756756756765,-0.6587552742616034,92.0,224.0,129.0
TG-0900,Ted,Ginn,Ted Ginn,WR,23.1,51,32.800000000000004,18.580389377528007,0.3616241449827241,218.0,224.0,276.0
CB-1130,Cole,Beasley,Cole Beasley,WR,28.700000000000006,51,89.1,-37.196124227682056,-0.7166348114512093,187.0,224.0,115.0
TS-2425,Tre'Quan,Smith,Tre'Quan Smith,WR,13.5,50,39.9,10.500000000000009,0.20833333333333345,283.0,229.0,247.0
DM-2775,Donte,Moncrief,Donte Moncrief,WR,0.7,50,1.1,49.70705882352941,0.978349465104432,460.0,229.0,528.0
DB-2950,Devontae,Booker,Devontae Booker,RB,0.0,50,6.6,44.320754716981135,0.8703868385949309,475.0,229.0,440.0
OAK,Oakland,Raiders,Oakland Raiders,DF,24.0,49,42.0,7.055706160704489,0.14383048809021898,214.0,232.0,238.0
DK-0950,Dawson,Knox,Dawson Knox,TE,22.5,49,29.2,20.3,0.4101010101010101,224.0,232.0,305.0
CS-0050,Curtis,Samuel,Curtis Samuel,WR,31.5,48,86.19999999999997,-37.81081081081079,-0.7813896336014293,166.0,234.0,125.0
JW-6000,Jason,Witten,Jason Witten,TE,27.3,47,49.6,-2.4569221787032594,-0.0521162871040497,194.0,235.0,211.0
KC-1550,Keelan,Cole,Keelan Cole,WR,1.9,47,52.8,-5.513513513513516,-0.11659807956104258,432.0,235.0,203.0
PR-0150,Paul,Richardson,Paul Richardson,WR,28.3,46,8.2,37.84533940387981,0.8219146583311087,189.0,237.0,428.0
JS-0280,Jaylen,Samuels,Jaylen Samuels,RB,18.7,46,38.7,8.271428571428565,0.1760948905109488,254.0,237.0,249.0
RP-0550,Rashaad,Penny,Rashaad Penny,RB,19.200000000000006,46,50.1,-4.0428571428571365,-0.0877791563275433,245.0,237.0,206.0
TB-1060,Travis,Benjamin,Travis Benjamin,WR,3.0,45,0.0,45.11494269241464,1.0,410.0,240.0,576.0
JA-0275,Josh,Adams,Josh Adams,RB,0.0,44,1.2,43.74,0.973297730307076,475.0,241.0,524.0
CC-2350,Corey,Clement,Corey Clement,RB,-4.0,44,0.0,44.594594594594604,1.0,653.0,241.0,576.0
KF-0250,Kai,Forbath,Kai Forbath,K,53.0,44,0.0,44.622314472906936,1.0,62.0,241.0,576.0
CH-2950,Chris,Herndon,Chris Herndon,TE,0.0,44,0.7,43.81999999999999,0.9842767295597484,475.0,241.0,549.0
WG-0050,Wayne,Gallman,Wayne Gallman,RB,34.6,44,2.6,41.50810810810811,0.9410539215686274,146.0,241.0,497.0
WD-0550,Will,Dissly,Will Dissly,TE,50.89999999999999,44,0.0,44.85714285714286,1.0,69.0,241.0,576.0
CB-2775,Cameron,Brate,Cameron Brate,TE,13.2,43,41.90000000000001,1.2223160699947613,0.028345325144659133,285.0,247.0,240.0
GT-0100,Golden,Tate,Golden Tate,WR,1.3,43,109.89999999999998,-66.78829299791931,-1.5491915686543325,446.0,247.0,61.0
RF-1075,Robert,Foster,Robert Foster,WR,0.0,43,9.3,34.18571428571428,0.7861366622864652,475.0,247.0,418.0
NM-0687,Nick,Mullens,Nick Mullens,QB,0.0,42,-0.3,43.12666666666667,1.0070049813200497,475.0,250.0,643.0
JC-5680,Jamison,Crowder,Jamison Crowder,WR,17.8,41,102.0,-60.85622752539341,-1.4791115122696414,262.0,251.0,81.0
HH-0225,Hunter,Henry,Hunter Henry,TE,6.0,41,89.2,-48.06037735849057,-1.168226013575491,360.0,251.0,114.0
SS-1537,Steven,Sims Jr.,Steven Sims Jr.,WR,18.9,41,58.6,-17.020000000000003,-0.40933140933140943,251.0,251.0,190.0
CU-0150,C.J.,Uzomah,C.J. Uzomah,TE,8.2,40,28.0,12.642561026405152,0.31106703679897,331.0,254.0,307.0
WS-0650,Wendell,Smallwood,Wendell Smallwood,RB,5.4,40,9.1,31.020754716981124,0.7731847253574116,367.0,254.0,420.0
JJ-0725,Jesse,James,Jesse James,TE,4.6,39,9.6,30.298963498649677,0.7593922458580935,381.0,256.0,411.0
KA-0737,Kyle,Allen,Kyle Allen,QB,41.26000000000001,39,142.22000000000003,-102.90571428571432,-2.6175145348837208,120.0,256.0,34.0
DA-0900,Danny,Amendola,Danny Amendola,WR,22.1,39,58.46,-18.815979658865782,-0.4746233983575706,226.0,256.0,192.0
DG-1287,Dallas,Goedert,Dallas Goedert,TE,10.3,38,76.4,-37.714285714285715,-0.9748892171344168,311.0,259.0,148.0
CC-2100,Charles,Clay,Charles Clay,TE,5.0,38,24.700000000000006,13.452926927741315,0.35260537030933736,372.0,259.0,326.0
GE-0400,Gerald,Everett,Gerald Everett,TE,28.3,38,24.5,14.28918918918919,0.3683807134894091,189.0,259.0,330.0
JR-3280,John,Ross,John Ross,WR,52.8,37,18.2,19.389189189189185,0.5158182341098648,63.0,262.0,363.0
DF-0550,Darren,Fells,Darren Fells,TE,27.0,37,49.10000000000001,-11.435690621473587,-0.30362140737919435,196.0,262.0,212.0
NF-0175,Noah,Fant,Noah Fant,TE,17.1,37,55.9,-18.279999999999994,-0.4859117490696436,266.0,262.0,197.0
CE-0175,Chase,Edmonds,Chase Edmonds,RB,23.0,37,47.8,-10.028571428571423,-0.26550680786686826,220.0,262.0,218.0
JM-2900,Josh,McCown,Josh McCown,QB,0.76,37,0.0,37.558931491511345,1.0,459.0,262.0,576.0
MB-3325,Miles,Boykin,Miles Boykin,WR,16.799999999999994,36,21.000000000000004,15.95999999999999,0.4318181818181816,268.0,267.0,347.0
JW-4975,Jeff,Wilson,Jeff Wilson,RB,29.200000000000006,36,14.7,22.26000000000001,0.6022727272727274,182.0,267.0,379.0
VM-0250,Vance,McDonald,Vance McDonald,TE,24.2,35,21.3,14.061881524396446,0.3976564854077417,212.0,269.0,345.0
DW-0500,Delanie,Walker,Delanie Walker,TE,29.2,35,4.3,31.2696765327988,0.8791105115607399,183.0,269.0,469.0
JJ-0575,Justin,Jackson,Justin Jackson,RB,15.5,35,6.699999999999998,28.500000000000004,0.8096590909090909,275.0,269.0,439.0
KB-1625,Kendrick,Bourne,Kendrick Bourne,WR,5.9,34,61.90000000000001,-27.13333333333333,-0.780441035474592,362.0,272.0,177.0
DH-3970,Dustin,Hopkins,Dustin Hopkins,K,20.0,34,83.0,-48.26833259990558,-1.389749937538972,242.0,272.0,132.0
FM-0675,Foster,Moreau,Foster Moreau,TE,15.7,34,31.700000000000006,2.8399999999999963,0.08222350897510122,272.0,272.0,285.0
JG-2450,Josh,Gordon,Josh Gordon,WR,34.1,33,12.6,20.661401003188328,0.6211825232860093,151.0,275.0,398.0
JW-3325,Jordan,Wilkins,Jordan Wilkins,RB,14.0,33,33.0,0.20000000000000284,0.006024096385542254,281.0,275.0,272.0
DW-1350,DeAndre,Washington,DeAndre Washington,RB,18.7,33,67.2,-33.62264150943396,-1.001348617666891,254.0,275.0,169.0
JM-1550,Jordan,Matthews,Jordan Matthews,WR,0.0,33,3.3000000000000003,29.77789493250317,0.9002354893884937,475.0,275.0,485.0
KJ-0537,KeeSean,Johnson,KeeSean Johnson,WR,15.4,33,9.6,24.28,0.7166469893742621,276.0,275.0,411.0
CR-1525,Chester,Rogers,Chester Rogers,WR,13.2,32,16.499999999999996,15.605660377358491,0.4860719322990128,285.0,280.0,371.0
JW-6560,Jarius,Wright,Jarius Wright,WR,13.2,32,15.7,16.529059829059833,0.5128619921502069,285.0,280.0,375.0
SR-0750,Seth,Roberts,Seth Roberts,WR,8.3,32,30.8,1.9973821311817692,0.06090065735102618,329.0,280.0,290.0
BH-1900,Brian,Hoyer,Brian Hoyer,QB,0.0,31,21.08,10.09817024486478,0.32388591651006216,475.0,283.0,346.0
RJ-2250,Ronald,Jones,Ronald Jones,RB,42.1,31,93.2,-61.31428571428571,-1.9229390681003575,112.0,283.0,101.0
BW-0700,Benjamin,Watson,Benjamin Watson,TE,0.0,31,17.299999999999994,14.639659375506573,0.4583536475261607,475.0,283.0,369.0
RH-1950,Rashard,Higgins,Rashard Higgins,WR,4.6,30,6.9,23.688679245283016,0.7744263508512214,381.0,286.0,434.0
JD-2550,Jack,Doyle,Jack Doyle,TE,18.8,30,50.00000000000001,-19.56593476083484,-0.6428958670843524,253.0,286.0,207.0
SP-0825,Samaje,Perine,Samaje Perine,RB,0.0,30,1.6,28.466666666666665,0.9467849223946784,475.0,286.0,512.0
MR-2350,Mason,Rudolph,Mason Rudolph,QB,53.74,30,58.16,-27.451428571428572,-0.893933755117231,61.0,286.0,193.0
RS-0687,Ricky,Seals-Jones,Ricky Seals-Jones,TE,15.6,30,29.3,1.1864864864864837,0.03891843971631196,273.0,286.0,304.0
AM-2850,Alfred,Morris,Alfred Morris,RB,0.0,30,0.4,30.54885919181954,0.987075452522472,475.0,286.0,562.0
CC-3950,Chris,Conley,Chris Conley,WR,30.3,29,85.2,-55.57235746721345,-1.875692856956673,175.0,292.0,128.0
JA-0462,Jordan,Akins,Jordan Akins,TE,29.700000000000006,29,26.1,3.728571428571428,0.12499999999999994,180.0,292.0,318.0
JR-1950,Josh,Reynolds,Josh Reynolds,WR,3.4000000000000004,29,37.5,-8.05135135135135,-0.2734030837004405,405.0,292.0,255.0
DR-2225,Demarcus,Robinson,Demarcus Robinson,WR,48.1,28,22.8,5.298113207547171,0.18855761482675265,86.0,295.0,335.0
ZZ-0100,Zach,Zenner,Zach Zenner,RB,0.0,28,1.7,27.14373269726303,0.9410617197904724,475.0,295.0,510.0
ML-1500,Marcedes,Lewis,Marcedes Lewis,TE,6.9,28,14.699999999999998,13.433115271668875,0.4774841016343661,346.0,295.0,382.0
BB-2250,Brandon,Bolden,Brandon Bolden,RB,19.2,28,22.7,5.531036288791338,0.19592041298842947,247.0,295.0,336.0
JS-4550,Jonnu,Smith,Jonnu Smith,TE,9.9,27,61.8,-34.75135135135134,-1.2847721822541964,316.0,299.0,178.0
TT-0150,Taywan,Taylor,Taywan Taylor,WR,0.0,27,0.0,27.89189189189189,1.0,475.0,299.0,576.0
GA-0250,Geronimo,Allison,Geronimo Allison,WR,21.1,27,20.3,7.073584905660383,0.2584091535704441,234.0,299.0,351.0
TS-1262,Tajae,Sharpe,Tajae Sharpe,WR,10.6,27,46.3,-19.10754716981132,-0.7026783236192062,307.0,299.0,223.0
DM-3050,David,Moore,David Moore,WR,10.8,27,33.8,-5.9729729729729675,-0.21464646464646447,305.0,299.0,264.0
JT-1775,Jordan,Thomas,Jordan Thomas,TE,0.0,26,0.8,25.2,0.9692307692307692,475.0,304.0,546.0
RA-1337,Ryquell,Armstead,Ryquell Armstead,RB,12.2,26,25.0,1.84,0.06855439642324887,298.0,304.0,324.0
LK-0200,Lance,Kendricks,Lance Kendricks,TE,5.0,26,0.0,26.68144902297512,1.0,372.0,304.0,576.0
JB-6750,Jaron,Brown,Jaron Brown,WR,9.6,25,22.4,2.8564356435643568,0.1130973381943628,320.0,307.0,339.0
DH-1050,DaeSean,Hamilton,DaeSean Hamilton,WR,7.7,25,28.0,-2.8571428571428537,-0.11363636363636352,336.0,307.0,307.0
IT-0150,Ian,Thomas,Ian Thomas,TE,0.0,25,19.6,6.2857142857142865,0.2428256070640177,475.0,307.0,356.0
KC-2375,Keke,Coutee,Keke Coutee,WR,10.0,25,20.8,4.742857142857146,0.18568232662192408,315.0,307.0,350.0
TY-0150,T.J.,Yeldon,T.J. Yeldon,RB,12.5,24,4.2,20.512024093616052,0.8300422505218825,296.0,311.0,475.0
CP-0575,Cody,Parkey,Cody Parkey,K,18.0,24,0.0,24.92762726640665,1.0,261.0,311.0,576.0
TH-1550,Tyler,Higbee,Tyler Higbee,TE,18.9,24,72.5,-47.57169811320754,-1.908340902210112,251.0,311.0,161.0
JH-1350,Justin,Hardy,Justin Hardy,WR,5.199999999999998,23,14.3,9.605373717888162,0.4018081386738812,370.0,314.0,385.0
YK-0100,Younghoe,Koo,Younghoe Koo,K,63.0,23,30.0,-6.324324324324322,-0.2671232876712328,43.0,314.0,298.0
HH-0350,Hayden,Hurst,Hayden Hurst,TE,18.7,23,30.2,-6.771428571428569,-0.2890243902439024,254.0,314.0,294.0
JW-0934,James,Washington,James Washington,WR,14.0,23,77.5,-53.67142857142858,-2.2523980815347726,281.0,314.0,144.0
KB-0150,Kalen,Ballage,Kalen Ballage,RB,5.8,23,32.0,-8.899999999999997,-0.3852813852813852,363.0,314.0,282.0
GC-0350,Garrett,Celek,Garrett Celek,TE,0.0,23,0.0,23.786348048599507,1.0,475.0,314.0,576.0
DW-3243,Darrel,Williams,Darrel Williams,RB,26.5,22,26.3,-3.6714285714285713,-0.16224747474747472,199.0,320.0,317.0
JG-2950,Jakeem,Grant,Jakeem Grant,WR,3.0000000000000004,22,23.9,-1.7692307692307665,-0.07994438651372945,409.0,320.0,332.0
HR-0062,Hunter,Renfrow,Hunter Renfrow,WR,10.1,22,78.4,-56.18000000000001,-2.528352835283529,313.0,320.0,142.0
TE-0300,Tyler,Eifert,Tyler Eifert,TE,15.500000000000002,22,48.1,-25.722334994140876,-1.1494646553787458,274.0,320.0,216.0
RJ-0450,Richie,James,Richie James,WR,12.8,21,9.6,11.880000000000004,0.5530726256983242,293.0,324.0,411.0
EP-0512,Eddy,Pineiro,Eddy Pineiro,K,37.0,21,61.0,-39.85714285714286,-1.8851351351351355,134.0,324.0,180.0
LW-1450,Luke,Willson,Luke Willson,TE,3.6,21,4.3,16.74158415841584,0.7956427630340673,402.0,324.0,469.0
RG-1870,Ryan,Griffin,Ryan Griffin,TE,1.7,21,62.29999999999999,-40.48152794705084,-1.855378683200644,438.0,324.0,176.0
BJ-0950,Blake,Jarwin,Blake Jarwin,TE,17.300000000000004,21,39.2,-17.794594594594592,-0.8313131313131312,264.0,324.0,248.0
RB-4670,Rex,Burkhead,Rex Burkhead,RB,28.9,21,45.2,-23.686208493210245,-1.1009778767138692,186.0,324.0,227.0
CS-0250,Cairo,Santos,Cairo Santos,K,23.0,20,0.0,20.026257853630707,1.0,220.0,330.0,576.0
DJ-0887,D'Ernest,Johnson,D'Ernest Johnson,RB,9.2,20,0.0,20.24,1.0,325.0,330.0,576.0
ZP-0050,Zach,Pascal,Zach Pascal,WR,20.5,19,73.80000000000003,-54.243243243243256,-2.7736318407960203,238.0,332.0,158.0
JD-2850,Jeff,Driskel,Jeff Driskel,QB,0.0,19,58.1,-38.45692307692308,-1.9577850877192984,475.0,332.0,194.0
TC-0325,Trenton,Cannon,Trenton Cannon,RB,0.0,19,0.0,19.02,1.0,475.0,332.0,576.0
MG-1150,Melvin,Gordon,Melvin Gordon,RB,3.8,19,135.0,-115.3671488963702,-5.876230013023464,394.0,332.0,44.0
LT-0550,Levine,Toilolo,Levine Toilolo,TE,0.0,18,1.0,17.552,0.9460974557999138,475.0,336.0,534.0
SD-0534,Seth,DeValve,Seth DeValve,TE,0.0,18,14.0,4.475471698113207,0.24223856209150324,475.0,336.0,387.0
DW-3987,Damion,Willis,Damion Willis,WR,8.2,18,0.0,18.04,1.0,331.0,336.0,576.0
CM-2675,Chris,Moore,Chris Moore,WR,0.0,18,2.1,16.39811320754717,0.8864749082007343,475.0,336.0,502.0
TS-1425,Trent,Sherfield,Trent Sherfield,WR,3.8,17,4.2,13.400000000000002,0.7613636363636365,394.0,340.0,475.0
CP-0750,Cordarrelle,Patterson,Cordarrelle Patterson,WR,8.3,17,16.299999999999994,0.9096158995486192,0.05285509594508017,329.0,340.0,374.0
PP-0350,Paul,Perkins,Paul Perkins,RB,0.0,17,3.8,13.6,0.7816091954022988,475.0,340.0,478.0
BF-0950,Bennie,Fowler,Bennie Fowler,WR,11.9,17,11.4,5.889411764705884,0.34063690800217755,302.0,340.0,403.0
TQ-0100,Trey,Quinn,Trey Quinn,WR,16.4,17,9.1,7.985714285714287,0.4673913043478261,271.0,340.0,420.0
OJ-0050,Olabisi,Johnson,Olabisi Johnson,WR,7.8,17,40.2,-23.040000000000006,-1.3426573426573427,335.0,340.0,245.0
JM-3475,J.D.,McKissic,J.D. McKissic,WR,11.1,17,38.7,-20.930769230769226,-1.1779220779220776,303.0,340.0,249.0
MM-4700,Matt,Moore,Matt Moore,QB,-0.1,16,45.36,-28.37662555105453,-1.6708473122558098,643.0,347.0,226.0
CP-2550,C.J.,Prosise,C.J. Prosise,RB,12.7,16,6.1,10.111320754716983,0.623719739292365,295.0,347.0,445.0
MB-3862,Malcolm,Brown,Malcolm Brown,RB,24.4,16,32.7,-16.32753623188406,-0.9972559086483138,211.0,347.0,277.0
NB-0450,Nick,Boyle,Nick Boyle,TE,10.7,16,33.4,-17.353563794552063,-1.081459058719863,306.0,347.0,269.0
IM-0125,Isaiah,McKenzie,Isaiah McKenzie,WR,17.5,16,18.8,-2.162162162162165,-0.1299545159194284,263.0,347.0,360.0
NV-0050,Nick,Vannett,Nick Vannett,TE,6.6,16,10.0,6.550943396226419,0.3958048335613317,350.0,347.0,410.0
TJ-2350,T.J.,Jones,T.J. Jones,WR,9.8,15,0.0,15.440360865102265,1.0,317.0,353.0,576.0
JH-4070,Josh,Hill,Josh Hill,TE,7.0,15,33.6,-17.657758619826552,-1.1076082841015444,342.0,353.0,267.0
AS-0775,Adam,Shaheen,Adam Shaheen,TE,5.0,15,4.4,11.329729729729731,0.7202749140893471,372.0,353.0,467.0
DH-3137,Dontrell,Hilliard,Dontrell Hilliard,RB,19.200000000000006,15,6.9,8.928571428571429,0.5640794223826715,245.0,353.0,434.0
DR-0550,Damion,Ratley,Damion Ratley,WR,10.3,14,17.7,-3.5857142857142854,-0.2540485829959514,311.0,357.0,368.0
DT-0850,De'Anthony,Thomas,De'Anthony Thomas,WR,0.6,14,0.4,13.927292587183794,0.9720812569739928,463.0,357.0,562.0
JM-4162,Jakobi,Meyers,Jakobi Meyers,WR,6.6,14,29.300000000000004,-14.780000000000005,-1.0179063360881548,350.0,357.0,303.0
AT-0247,Auden,Tate,Auden Tate,WR,21.0,14,40.50000000000001,-26.50000000000001,-1.8928571428571437,235.0,357.0,244.0
RE-0400,Rhett,Ellison,Rhett Ellison,TE,4.6,14,18.1,-3.724786324786324,-0.25911171888935125,381.0,357.0,365.0
JH-3625,Jeff,Heuerman,Jeff Heuerman,TE,6.699999999999998,14,10.7,3.5043478260869545,0.24670951943679206,348.0,357.0,406.0
JH-4085,Justice,Hill,Justice Hill,RB,6.6,14,34.9,-20.380000000000006,-1.403581267217631,350.0,357.0,262.0
TJ-2275,Ty,Johnson,Ty Johnson,RB,6.1,14,30.1,-15.459999999999996,-1.0560109289617483,359.0,357.0,296.0
IS-0275,Irv,Smith Jr.,Irv Smith Jr.,TE,6.4,14,36.7,-22.620000000000005,-1.6065340909090913,354.0,357.0,258.0
RS-3525,Ryan,Switzer,Ryan Switzer,WR,2.9,14,-0.2,14.762162162162163,1.0137342242019305,412.0,357.0,641.0
TH-1625,Taysom,Hill,Taysom Hill,QB,14.02,14,71.18,-56.72162162162164,-3.923097053985346,280.0,357.0,163.0
MH-3050,Mack,Hollins,Mack Hollins,WR,12.5,14,0.0,14.366666666666665,1.0,296.0,357.0,576.0
RM-5050,Raheem,Mostert,Raheem Mostert,RB,34.4,13,122.8,-109.5448865509359,-8.264349224311653,150.0,369.0,50.0
TM-3150,Ty,Montgomery,Ty Montgomery,RB,4.6,13,14.7,-0.8665475798588709,-0.06264145446419445,381.0,369.0,379.0
MG-0325,Mike,Gesicki,Mike Gesicki,TE,5.1000000000000005,13,79.9,-65.92,-4.715307582260371,371.0,369.0,140.0
LT-0862,Laquon,Treadwell,Laquon Treadwell,WR,0.0,13,26.4,-13.335849056603772,-1.0207972270363947,475.0,369.0,315.0
DW-1550,Dwayne,Washington,Dwayne Washington,RB,0.0,13,6.6,6.9622641509433985,0.5133555926544242,475.0,369.0,440.0
TP-0675,Tim,Patrick,Tim Patrick,WR,0.0,12,21.8,-9.735135135135133,-0.8068996415770608,475.0,374.0,342.0
MA-1287,Marcell,Ateman,Marcell Ateman,WR,0.0,12,9.6,2.6285714285714286,0.21495327102803732,475.0,374.0,411.0
JB-2950,Josh,Bellamy,Josh Bellamy,WR,2.0,12,0.0,12.760925767226286,1.0,430.0,374.0,576.0
NO-0150,Nick,O'Leary,Nick O'Leary,TE,3.7,12,13.2,-0.8388552911209839,-0.06786226606654266,400.0,374.0,392.0
AE-1037,Alex,Erickson,Alex Erickson,WR,4.2,11,49.04,-37.31169811320755,-3.1813384813384817,389.0,378.0,213.0
MB-0450,Matt,Barkley,Matt Barkley,QB,3.08,10,2.879999999999999,7.550464114752938,0.7238857285433251,408.0,379.0,492.0
DH-3450,Devlin,Hodges,Devlin Hodges,QB,4.7200000000000015,10,47.60000000000001,-37.21600000000001,-3.58397534668721,377.0,379.0,219.0
CC-4450,Cody,Core,Cody Core,WR,2.8,10,0.0,10.596226415094339,1.0,415.0,379.0,576.0
KH-0525,Kelvin,Harmon,Kelvin Harmon,WR,4.9,10,32.03999999999999,-21.259999999999987,-1.9721706864564,375.0,379.0,281.0
MW-2450,Maxx,Williams,Maxx Williams,TE,6.4,10,19.8,-9.048481640884932,-0.8416003524947422,354.0,379.0,354.0
DH-1450,Demetrius,Harris,Demetrius Harris,TE,6.6000000000000005,10,28.300000000000004,-17.50693069306931,-1.622053022658472,349.0,379.0,306.0
LS-1550,Lee,Smith,Lee Smith,TE,7.6,10,1.5,8.620980016677661,0.8517930084311742,337.0,379.0,514.0
BP-1375,Byron,Pringle,Byron Pringle,WR,18.3,10,4.699999999999998,5.757142857142857,0.5505464480874318,259.0,379.0,463.0
JH-5125,Johnny,Holton,Johnny Holton,WR,1.3,10,1.7,8.896226415094338,0.8395655270655271,446.0,379.0,510.0
CW-0225,Clive,Walford,Clive Walford,TE,0.0,9,5.7,3.455372677873924,0.3774147486343872,475.0,388.0,452.0
AF-0550,Anthony,Firkser,Anthony Firkser,TE,0.0,9,26.4,-17.156756756756756,-1.8561403508771928,475.0,388.0,315.0
DH-1487,Deonte,Harris,Deonte Harris,WR,4.3,9,5.2,4.259999999999999,0.4503171247357293,386.0,388.0,457.0
MA-0487,Mo,Alie-Cox,Mo Alie-Cox,TE,3.8,9,5.5,3.9378378378378383,0.4172394043528064,394.0,388.0,454.0
VS-0175,Vyncint,Smith,Vyncint Smith,WR,0.0,9,26.1,-17.039999999999996,-1.8807947019867541,475.0,388.0,318.0
RB-2350,Reggie,Bonnafon,Reggie Bonnafon,RB,16.5,9,8.8,0.6285714285714281,0.06666666666666661,270.0,388.0,426.0
CW-2450,Chad,Williams,Chad Williams,WR,0.0,9,0.0,9.859459459459458,1.0,475.0,388.0,576.0
MH-0225,Marvin,Hall,Marvin Hall,WR,4.7,9,30.1,-20.5,-2.135416666666666,378.0,388.0,296.0
CD-0300,Chase,Daniel,Chase Daniel,QB,25.64,9,0.36,8.654204550739543,0.9600630318544896,204.0,388.0,570.0
SF-0050,Sam,Ficken,Sam Ficken,K,12.0,9,76.0,-66.30769230769229,-6.84126984126984,301.0,388.0,149.0
AJ-0375,Andy,Janovich,Andy Janovich,RB,0.0,9,10.3,-0.7679245283018883,-0.08056215360253381,475.0,388.0,409.0
EP-0350,Elijhaa,Penny,Elijhaa Penny,RB,3.9,8,0.8999999999999999,8.066037735849056,0.899621212121212,392.0,399.0,545.0
JS-5475,Jeremy,Sprinkle,Jeremy Sprinkle,TE,7.5,8,22.6,-14.524324324324324,-1.7985274431057563,338.0,399.0,337.0
TS-3656,Tommy,Sweeney,Tommy Sweeney,TE,3.8,8,7.6,0.7599999999999998,0.09090909090909087,394.0,399.0,429.0
MW-0650,Mark,Walton,Mark Walton,RB,6.2,8,20.800000000000004,-12.580000000000005,-1.5304136253041365,358.0,399.0,349.0
JH-4250,Jonathan,Hilliman,Jonathan Hilliman,RB,3.7,8,1.5,6.6400000000000015,0.8157248157248157,400.0,399.0,514.0
RI-0500,Ryan,Izzo,Ryan Izzo,TE,14.3,8,3.1,5.071428571428571,0.6206293706293706,278.0,399.0,486.0
DB-5912,Deontay,Burnett,Deontay Burnett,WR,0.0,8,4.8,3.3714285714285714,0.41258741258741255,475.0,399.0,462.0
GS-1400,Geoff,Swaim,Geoff Swaim,TE,6.0,7,0.5,7.430434782608696,0.9369517543859648,360.0,406.0,557.0
BP-1200,Bilal,Powell,Bilal Powell,RB,0.4,7,25.8,-18.044068906405137,-2.3264864899723774,467.0,406.0,320.0
BH-1225,Brian,Hill,Brian Hill,RB,0.0,7,57.20000000000001,-50.09729729729732,-7.0532724505327264,475.0,406.0,195.0
AC-0387,Austin,Carr,Austin Carr,WR,0.0,7,0.9,6.1378378378378375,0.8721198156682027,475.0,406.0,538.0
TD-0737,Trevor,Davis,Trevor Davis,WR,18.2,7,4.200000000000001,3.3923076923076914,0.4468085106382977,260.0,406.0,474.0
RT-1250,Robert,Tonyan Jr.,Robert Tonyan Jr.,TE,6.6,7,9.4,-2.1675675675675667,-0.2997010463378176,350.0,406.0,416.0
SW-0350,Spencer,Ware,Spencer Ware,RB,0.0,7,7.300000000000002,-0.24354051874944194,-0.03451313217294648,475.0,406.0,431.0
LS-1900,Luke,Stocker,Luke Stocker,TE,1.6,7,3.7,3.6857142857142886,0.4990328820116056,440.0,406.0,479.0
DB-6375,Damiere,Byrd,Damiere Byrd,WR,9.6,7,30.300000000000004,-23.04782608695653,-3.1780575539568345,320.0,406.0,293.0
DS-3031,Devin,Smith,Devin Smith,WR,19.3,6,0.0,6.4,1.0,244.0,415.0,576.0
CB-1152,Chad,Beebe,Chad Beebe,WR,7.0,6,0.0,6.2285714285714295,1.0,342.0,415.0,576.0
BS-2950,Benny,Snell Jr.,Benny Snell Jr.,RB,3.0,6,51.90000000000001,-45.3,-6.863636363636365,410.0,415.0,204.0
DA-1650,Dan,Arnold,Dan Arnold,TE,0.0,6,24.7,-17.889189189189192,-2.6265873015873016,475.0,415.0,327.0
ML-0050,Matt,LaCosse,Matt LaCosse,TE,5.5,6,13.6,-6.869565217391303,-1.0206718346253223,365.0,415.0,391.0
BB-2425,Blake,Bortles,Blake Bortles,QB,0.0,6,-0.78,6.797839678785458,1.129614619470458,475.0,415.0,646.0
AS-0900,Anthony,Sherman,Anthony Sherman,RB,1.7,6,1.4,5.2761236201330615,0.7902974720572808,438.0,415.0,517.0
DB-4387,Daniel,Brown,Daniel Brown,TE,0.0,6,13.2,-6.547058823529412,-0.9840848806366048,475.0,415.0,392.0
BB-1550,Blake,Bell,Blake Bell,TE,0.7999999999999999,6,5.9,0.7956521739130453,0.11883116883116908,458.0,415.0,449.0
DS-0850,Dalton,Schultz,Dalton Schultz,TE,0.0,6,0.6,6.0285714285714285,0.9094827586206896,475.0,415.0,553.0
PR-0125,Patrick,Ricard,Patrick Ricard,RB,6.4,6,4.3,2.056756756756756,0.3235544217687074,354.0,415.0,469.0
AA-0557,Alex,Armah,Alex Armah,RB,7.1,6,0.6000000000000001,6.243243243243244,0.9123222748815166,341.0,415.0,552.0
XG-0100,Xavier,Grimble,Xavier Grimble,TE,0.3,5,0.0,5.632941176470588,1.0,470.0,427.0,576.0
PC-0625,Pharoh,Cooper,Pharoh Cooper,WR,3.3,5,27.2,-21.562264150943395,-3.82463186077644,406.0,427.0,311.0
BW-2475,Bobo,Wilson,Bobo Wilson,WR,2.5,5,-1.0,6.286486486486488,1.1891615541922291,417.0,427.0,647.0
KD-1456,Keelan,Doss,Keelan Doss,WR,2.5,5,10.8,-5.299999999999999,-0.9636363636363634,417.0,427.0,405.0
DC-0775,Derek,Carrier,Derek Carrier,TE,5.5,5,14.0,-8.051852244707877,-1.3536738789893148,365.0,427.0,387.0
JK-0775,John,Kelly,John Kelly,RB,0.0,5,0.9,4.871428571428573,0.844059405940594,475.0,427.0,538.0
DS-0050,Drew,Sample,Drew Sample,TE,2.5,5,0.5,5.0,0.9090909090909092,417.0,427.0,557.0
LF-0025,Luke,Falk,Luke Falk,QB,8.64,5,0.0,5.184000000000001,1.0,328.0,427.0,576.0
JM-4175,Jaydon,Mickens,Jaydon Mickens,WR,0.0,5,0.0,5.3660377358490585,1.0,475.0,427.0,576.0
TL-1062,Ty,Long,Ty Long,K,34.0,5,0.0,5.91304347826087,1.0,153.0,427.0,576.0
DJ-0850,Darius,Jennings,Darius Jennings,WR,1.7000000000000002,5,0.0,5.311304347826088,1.0,436.0,427.0,576.0
MT-2350,Malik,Turner,Malik Turner,WR,7.300000000000002,5,23.200000000000006,-17.885714285714286,-3.365591397849462,339.0,427.0,334.0
ZL-0200,Zach,Line,Zach Line,RB,0.3,5,5.300000000000002,0.1809517592997896,0.033014660089419716,470.0,427.0,456.0
JW-5475,Javon,Wims,Javon Wims,WR,6.4,5,18.2,-12.714285714285715,-2.317708333333333,354.0,427.0,363.0
CH-0525,C.J.,Ham,C.J. Ham,RB,0.9,5,19.7,-14.198113207547168,-2.5805898491083665,456.0,427.0,355.0
PD-0700,Patrick,DiMarco,Patrick DiMarco,RB,1.3,5,3.5,1.6526315789473704,0.3207354443309502,446.0,427.0,481.0
MJ-1450,Marcus,Johnson,Marcus Johnson,WR,0.0,4,41.70000000000001,-37.05849056603775,-7.984146341463418,475.0,443.0,242.0
JO-0550,Jamize,Olawale,Jamize Olawale,RB,0.0,4,0.0,4.96538400201815,1.0,475.0,443.0,576.0
MP-2350,MyCole,Pruitt,MyCole Pruitt,TE,0.0,4,15.0,-10.408695652173913,-2.2670454545454546,475.0,443.0,377.0
TJ-2400,Taiwan,Jones,Taiwan Jones,RB,0.0,4,4.9,-0.6413533834586458,-0.15060028248587548,475.0,443.0,459.0
TE-0025,Trey,Edmunds,Trey Edmunds,RB,0.0,4,14.0,-9.848648648648648,-2.372395833333333,475.0,443.0,387.0
BK-1050,Ben,Koyack,Ben Koyack,TE,0.0,4,0.9,3.9521739130434783,0.8145161290322581,475.0,443.0,538.0
RG-0025,Russell,Gage,Russell Gage,WR,2.4,4,47.39999999999999,-42.428571428571416,-8.534482758620687,421.0,443.0,221.0
LT-0275,Logan,Thomas,Logan Thomas,TE,4.7,4,18.6,-13.751428571428573,-2.8361814967589867,378.0,443.0,361.0
DW-1750,Derek,Watt,Derek Watt,RB,3.5,4,6.7,-2.307547169811321,-0.5253436426116839,404.0,443.0,438.0
MB-2950,Mike,Boone,Mike Boone,RB,2.8,4,44.2,-39.85714285714286,-9.177631578947368,415.0,443.0,233.0
ET-0375,Eric,Tomlinson,Eric Tomlinson,TE,0.0,4,0.1,4.300000000000002,0.9772727272727274,475.0,443.0,573.0
DF-1375,D.J.,Foster,D.J. Foster,RB,0.0,4,0.0,4.030188679245282,1.0,475.0,443.0,576.0
JF-1250,Josh,Ferguson,Josh Ferguson,RB,0.0,4,0.9,3.1075471698113213,0.7754237288135594,475.0,443.0,538.0
TC-2375,Tyler,Conklin,Tyler Conklin,TE,0.0,4,5.8,-1.4000000000000004,-0.3181818181818183,475.0,443.0,451.0
DS-3137,Durham,Smythe,Durham Smythe,TE,2.4,4,4.1,0.33999999999999986,0.07657657657657656,421.0,443.0,477.0
DT-0900,Demaryius,Thomas,Demaryius Thomas,WR,4.6000000000000005,4,44.7,-39.88360381222793,-8.280797977850098,380.0,443.0,232.0
SM-2653,Scott,Miller,Scott Miller,WR,1.8,3,25.8,-21.84,-5.515151515151515,433.0,459.0,320.0
JP-2075,Josh,Perkins,Josh Perkins,TE,0.0,3,14.7,-10.873584905660376,-2.8417159763313604,475.0,459.0,379.0
AI-0100,Andy,Isabella,Andy Isabella,WR,1.6,3,26.800000000000004,-23.280000000000005,-6.613636363636365,440.0,459.0,313.0
TP-1950,Troymaine,Pope,Troymaine Pope,RB,9.4,3,-2.0,5.237735849056604,1.6177156177156178,324.0,459.0,650.0
DO-0025,Dare,Ogunbowale,Dare Ogunbowale,RB,10.4,3,29.899999999999995,-26.52702702702702,-7.864583333333331,309.0,459.0,301.0
DC-1050,DeAndre,Carter,DeAndre Carter,WR,-2.1,3,16.3,-13.134782608695652,-4.149725274725276,652.0,459.0,372.0
JK-2250,Jake,Kumerow,Jake Kumerow,WR,2.1,3,25.8,-22.25217391304348,-6.272058823529411,428.0,459.0,320.0
JA-1975,J.J.,Arcega-Whiteside,J.J. Arcega-Whiteside,WR,1.4,3,21.5,-18.42,-5.98051948051948,442.0,459.0,343.0
JH-4850,Jacob,Hollister,Jacob Hollister,TE,0.0,3,52.89999999999999,-49.68918918918918,-15.475589225589221,475.0,459.0,202.0
DC-0025,Deon,Cain,Deon Cain,WR,5.2,2,7.2,-4.228571428571429,-1.4230769230769231,369.0,468.0,433.0
DG-3200,Derrius,Guice,Derrius Guice,RB,3.8,2,48.6,-46.42857142857143,-21.381578947368425,394.0,468.0,214.0
DW-2850,D'haquille,Williams,D'haquille Williams,WR,8.9,2,13.7,-11.684905660377359,-5.798689138576781,326.0,468.0,390.0
JW-4625,Jonathan,Williams,Jonathan Williams,RB,0.0,2,35.4,-32.79622641509434,-12.595652173913045,475.0,468.0,260.0
SS-1525,Scott,Simonson,Scott Simonson,TE,0.0,2,1.1,1.1023529411764703,0.5005341880341879,475.0,468.0,528.0
AB-1125,Andrew,Beck,Andrew Beck,RB,1.0,2,14.54,-12.34,-5.6090909090909085,454.0,468.0,384.0
BB-2712,Ben,Braunecker,Ben Braunecker,TE,2.4,2,9.5,-7.077358490566037,-2.9213395638629285,421.0,468.0,415.0
CM-0175,Chris,Manhertz,Chris Manhertz,TE,0.0,2,1.1,1.1447058823529417,0.5099580712788261,475.0,468.0,528.0
MB-5175,Mike,Burton,Mike Burton,RB,0.0,2,0.0,2.1565217391304348,1.0,475.0,468.0,576.0
MT-0887,Mike,Thomas,Mike Thomas,WR,0.0,2,1.4,1.0905660377358497,0.437878787878788,475.0,468.0,517.0
AA-0581,Antony,Auclair,Antony Auclair,TE,0.0,2,1.1,1.2675675675675673,0.5353881278538812,475.0,468.0,528.0
DT-1231,Darwin,Thompson,Darwin Thompson,RB,1.2000000000000002,2,21.9,-19.26,-7.295454545454542,451.0,468.0,341.0
RN-1250,Roosevelt,Nix,Roosevelt Nix,RB,0.0,2,0.4,2.2682352941176465,0.8500881834215167,475.0,468.0,562.0
DV-0550,Dan,Vitale,Dan Vitale,RB,5.4,2,4.6,-2.2905660377358483,-0.9918300653594766,367.0,468.0,464.0
DY-0075,Deon,Yelder,Deon Yelder,TE,4.3,2,0.7,1.7571428571428571,0.7151162790697675,386.0,468.0,549.0
SM-3250,Stanley,Morgan Jr.,Stanley Morgan Jr.,WR,0.6,1,1.2,0.11999999999999987,0.09090909090909084,463.0,483.0,524.0
RM-2050,Ray-Ray,McCloud,Ray-Ray McCloud,RB,0.0,1,-2.0,3.1428571428571432,2.75,475.0,483.0,650.0
DT-1992,De'Lance,Turner,De'Lance Turner,RB,0.0,1,0.6,0.6599999999999998,0.5238095238095237,475.0,483.0,553.0
BZ-0100,Brandon,Zylstra,Brandon Zylstra,WR,0.0,1,10.6,-9.285714285714283,-7.065217391304349,475.0,483.0,407.0
JJ-2518,Jakob,Johnson,Jakob Johnson,RB,0.5,1,0.0,1.1,1.0,466.0,483.0,576.0
KS-1450,Keith,Smith,Keith Smith,RB,0.0,1,2.1,-1.0552941176470587,-1.0101351351351349,475.0,483.0,502.0
DH-1912,Dwayne,Haskins,Dwayne Haskins,QB,0.5800000000000001,1,79.12,-77.84400000000002,-61.00626959247649,465.0,483.0,141.0
TE-0350,Tyler,Ervin,Tyler Ervin,RB,0.0,1,2.1,-0.6056603773584903,-0.4053030303030301,475.0,483.0,502.0
JW-1050,Justin,Watson,Justin Watson,WR,1.3,1,26.6,-25.57142857142857,-24.86111111111111,446.0,483.0,314.0
NB-0200,Nick,Bellore,Nick Bellore,RB,2.0,1,6.3,-5.226315789473684,-4.867647058823532,430.0,483.0,444.0
TL-1037,T.J.,Logan,T.J. Logan,RB,0.0,1,2.3000000000000003,-1.0351351351351354,-0.8183760683760687,475.0,483.0,501.0
GD-0050,Geremy,Davis,Geremy Davis,WR,3.8,1,0.0,1.026086956521739,1.0,394.0,483.0,576.0
BB-1950,Braxton,Berrios,Braxton Berrios,WR,2.9,1,6.6,-4.8599999999999985,-2.7931034482758617,412.0,483.0,440.0
RT-1550,Ross,Travis,Ross Travis,TE,0.0,1,3.1,-1.494117647058824,-0.9304029304029308,475.0,483.0,486.0
ES-0250,Eric,Saubert,Eric Saubert,TE,0.0,1,2.1,-0.5432432432432432,-0.3489583333333333,475.0,483.0,502.0
SC-1850,Sean,Culkin,Sean Culkin,TE,1.2,1,0.0,1.1675675675675674,1.0,452.0,483.0,576.0
JD-1650,James,Develin,James Develin,RB,0.3,0,0.0,0.0,,470.0,499.0,576.0
RS-3400,Ryan,Succop,Ryan Succop,K,24.0,0,3.0,-3.0,-inf,214.0,499.0,489.0
PC-0050,Parris,Campbell,Parris Campbell,WR,10.9,0,9.2,-9.2,-inf,304.0,499.0,419.0
NF-0250,Nick,Foles,Nick Foles,QB,7.0,0,33.74,-33.74,-inf,342.0,499.0,265.0
JM-5750,Jason,Moore,Jason Moore,WR,0.0,0,4.3,-4.3,-inf,475.0,499.0,469.0
RG-1885,Ryan,Griffin,Ryan Griffin,QB,0.0,0,0.62,-0.62,-inf,475.0,499.0,551.0
OZ-0100,Olamide,Zaccheaus,Olamide Zaccheaus,WR,0.0,0,19.5,-19.5,-inf,475.0,499.0,358.0
JS-0825,Jordan,Scarlett,Jordan Scarlett,RB,0.0,0,0.9,-0.9,-inf,475.0,499.0,538.0
AH-3450,Alexander,Hollins,Alexander Hollins,WR,0.0,0,4.6,-4.6,-inf,475.0,499.0,464.0
KB-1225,Khari,Blasingame,Khari Blasingame,RB,0.0,0,5.4,-5.4,-inf,475.0,499.0,455.0
KW-0922,Kerrith,Whyte Jr.,Kerrith Whyte Jr.,RB,0.0,0,13.1,-13.1,-inf,475.0,499.0,394.0
NW-0325,Nsimba,Webster,Nsimba Webster,WR,0.0,0,0.0,0.0,,475.0,499.0,576.0
RR-0650,Riley,Ridley,Riley Ridley,WR,0.0,0,6.9,-6.9,-inf,475.0,499.0,434.0
DS-1862,Darrius,Shepherd,Darrius Shepherd,WR,0.0,0,-1.9,1.9,inf,475.0,499.0,649.0
LH-1950,Lil'Jordan,Humphrey,Lil'Jordan Humphrey,WR,0.0,0,0.0,0.0,,475.0,499.0,576.0
AT-0160,Alex,Tanney,Alex Tanney,QB,0.0,0,0.04,0.7764102564102564,0.951005025125628,475.0,499.0,575.0
DW-3906,Dexter,Williams,Dexter Williams,RB,0.0,0,1.1,-1.1,-inf,475.0,499.0,528.0
GD-0450,Greg,Dortch,Greg Dortch,WR,0.0,0,-2.0,2.0,inf,475.0,499.0,650.0
DS-2177,Devin,Singletary,Devin Singletary,RB,21.5,0,97.4,-97.4,-inf,232.0,499.0,93.0
TT-0500,Tyrod,Taylor,Tyrod Taylor,QB,0.18000000000000002,0,5.84,-5.093700507517683,-6.825276660145093,473.0,499.0,450.0
DO-0600,Devine,Ozigbo,Devine Ozigbo,RB,0.0,0,5.0,-5.0,-inf,475.0,499.0,458.0
IH-0200,Ishmael,Hyman,Ishmael Hyman,WR,0.0,0,3.4,-3.4,-inf,475.0,499.0,483.0
SS-0650,Spencer,Schnell,Spencer Schnell,WR,0.0,0,0.0,0.0,,475.0,499.0,576.0
SG-0800,Stephen,Gostkowski,Stephen Gostkowski,K,32.0,0,0.0,0.0,,162.0,499.0,576.0
DH-2325,Darrell,Henderson,Darrell Henderson,RB,0.0,0,18.4,-18.4,-inf,475.0,499.0,362.0
DH-1362,Damien,Harris,Damien Harris,RB,0.0,0,1.2,-1.2,-inf,475.0,499.0,524.0
CG-1015,Cullen,Gillaspia,Cullen Gillaspia,RB,0.0,0,0.0,0.0,,475.0,499.0,576.0
TF-1450,Travis,Fulgham,Travis Fulgham,WR,0.0,0,0.0,0.0,,475.0,499.0,576.0
AD-1587,Ashton,Dulin,Ashton Dulin,WR,0.0,0,1.7000000000000002,-1.7000000000000002,-inf,475.0,499.0,509.0
DS-2275,Darius,Slayton,Darius Slayton,WR,21.7,0,102.3,-102.3,-inf,231.0,499.0,79.0
MG-0293,Myles,Gaskin,Myles Gaskin,RB,0.0,0,24.4,-24.4,-inf,475.0,499.0,331.0
PL-0012,Patrick,Laird,Patrick Laird,RB,0.0,0,45.2,-45.2,-inf,475.0,499.0,227.0
JO-0562,Josh,Oliver,Josh Oliver,TE,0.0,0,1.5,-1.5,-inf,475.0,499.0,514.0
JH-5350,Jesper,Horsted,Jesper Horsted,TE,0.0,0,12.7,-12.7,-inf,475.0,499.0,397.0
SM-0425,Sean,Mannion,Sean Mannion,QB,-0.2,0,-1.26,2.1156521739130434,2.4725609756097557,644.0,499.0,648.0
IN-0050,Isaac,Nauta,Isaac Nauta,TE,0.0,0,1.3,-1.3,-inf,475.0,499.0,521.0
HH-0237,Hale,Hentges,Hale Hentges,TE,0.0,0,16.3,-16.3,-inf,475.0,499.0,372.0
KB-0350,Kenjon,Barner,Kenjon Barner,RB,0.4,0,8.72,-8.72,-inf,467.0,499.0,427.0
TS-1450,Trevor,Siemian,Trevor Siemian,QB,0.12,0,0.0,0.0,,474.0,499.0,576.0
BR-1100,Ben,Roethlisberger,Ben Roethlisberger,QB,12.739999999999998,0,0.0,0.0,,294.0,499.0,576.0
DB-3800,Drew,Brees,Drew Brees,QB,20.32,0,207.44000000000003,-207.44000000000003,-inf,239.0,499.0,8.0
MS-0200,Matt,Schaub,Matt Schaub,QB,0.0,0,32.9,-32.9443461006186,742.8916103348066,475.0,499.0,275.0
BA-0375,Brandon,Allen,Brandon Allen,QB,0.0,0,33.5,-33.5,-inf,475.0,499.0,268.0
CM-1500,Colt,McCoy,Colt McCoy,QB,4.16,0,0.0,0.0,,390.0,499.0,576.0
CN-0500,Cam,Newton,Cam Newton,QB,16.68,0,0.0,0.0,,269.0,499.0,576.0
KS-1375,Kaden,Smith,Kaden Smith,TE,0.0,0,44.8,-44.8,-inf,475.0,499.0,231.0
JW-5637,Juwann,Winfree,Juwann Winfree,WR,0.0,0,0.0,0.0,,475.0,499.0,576.0
CJ-2075,Charles,Jones,Charles Jones,TE,0.0,0,0.5,-0.5,-inf,475.0,499.0,557.0
WH-0762,Wes,Hills,Wes Hills,RB,0.0,0,14.2,-14.2,-inf,475.0,499.0,386.0
JS-4212,Jeff,Smith,Jeff Smith,WR,0.0,0,1.2,-1.2,-inf,475.0,499.0,524.0
NH-0825,N'Keal,Harry,N'Keal Harry,WR,0.0,0,27.4,-27.4,-inf,475.0,499.0,310.0
ZG-0012,Zach,Gentry,Zach Gentry,TE,0.0,0,0.4,-0.4,-inf,475.0,499.0,562.0
JU-0400,John,Ursua,John Ursua,WR,0.0,0,1.1,-1.1,-inf,475.0,499.0,528.0
QO-0200,Qadree,Ollison,Qadree Ollison,RB,0.0,0,29.7,-29.7,-inf,475.0,499.0,302.0
GG-0310,Garrett,Gilbert,Garrett Gilbert,QB,0.0,0,-0.30000000000000004,0.5258823529411765,2.328125,475.0,499.0,644.0
JS-6325,Jace,Sternberger,Jace Sternberger,TE,0.0,0,0.0,0.0,,475.0,499.0,576.0
MW-0350,Michael,Walker,Michael Walker,WR,0.0,0,-2.5,2.5,inf,475.0,499.0,653.0
SC-0175,Stephen,Carlson,Stephen Carlson,TE,0.0,0,11.099999999999998,-11.099999999999998,-inf,475.0,499.0,404.0
TB-2775,Tony,Brooks-James,Tony Brooks-James,RB,0.0,0,2.7,-2.7,-inf,475.0,499.0,493.0
TH-2337,Travis,Homer,Travis Homer,RB,0.0,0,17.0,-17.0,-inf,475.0,499.0,370.0
TB-2093,Tim,Boyle,Tim Boyle,QB,0.0,0,-0.10000000000000003,0.10000000000000003,inf,475.0,499.0,639.0
KV-0250,Kaare,Vedvik,Kaare Vedvik,K,-1.0,0,0.0,-0.5714285714285714,1.0,648.0,499.0,576.0
TW-1325,Trevon,Wesco,Trevon Wesco,RB,0.0,0,4.9,-4.9,-inf,475.0,499.0,459.0
DS-3300,Darren,Sproles,Darren Sproles,RB,10.000000000000002,0,1.0,-1.0,-inf,314.0,499.0,534.0
JG-4200,Jalen,Guyton,Jalen Guyton,WR,0.0,0,0.0,0.0,,475.0,499.0,576.0
QE-0100,Quincy,Enunwa,Quincy Enunwa,WR,-0.4,0,0.0,0.0,,647.0,499.0,576.0
WG-0750,Will,Grier,Will Grier,QB,0.0,0,1.3200000000000005,-1.3200000000000005,-inf,475.0,499.0,520.0
RD-2300,Ross,Dwelley,Ross Dwelley,TE,-0.3,0,21.4,-20.74,-31.424242424242426,646.0,499.0,344.0
JG-2687,Jaeden,Graham,Jaeden Graham,TE,0.0,0,20.9,-20.9,-inf,475.0,499.0,348.0
KR-0312,Kalif,Raymond,Kalif Raymond,WR,0.0,0,22.5,-23.156603773584905,35.26724137931035,475.0,499.0,338.0
TS-3662,Tyrone,Swoopes,Tyrone Swoopes,TE,0.0,0,0.5,0.2459459459459459,0.3297101449275361,475.0,499.0,557.0
PB-0725,Pharaoh,Brown,Pharaoh Brown,TE,1.8,0,0.9,-0.3162162162162162,-0.5416666666666666,433.0,499.0,538.0
JM-6775,Johnny,Mundt,Johnny Mundt,TE,0.0,0,2.6,-2.437837837837838,-15.033333333333333,475.0,499.0,497.0
DD-0075,Darrell,Daniels,Darrell Daniels,TE,0.0,0,0.4,0.4432432432432431,0.5256410256410255,475.0,499.0,562.0
CC-0775,Cethan,Carter,Cethan Carter,TE,0.0,0,7.3,-7.3,-inf,475.0,499.0,432.0
TJ-2650,Tevin,Jones,Tevin Jones,WR,0.0,0,6.1,-6.1,-inf,475.0,499.0,445.0
JV-0050,Jason,Vander Laan,Jason Vander Laan,TE,0.0,0,0.0,0.0,,475.0,499.0,576.0
JH-5150,J.P.,Holtz,J.P. Holtz,TE,2.3,0,6.8,-6.2792452830188665,-12.057971014492752,425.0,499.0,437.0
AP-0388,Andre,Patton,Andre Patton,WR,2.2,0,3.4000000000000004,-2.6864864864864866,-3.765151515151516,426.0,499.0,482.0
CB-1750,C.J.,Board,C.J. Board,WR,0.0,0,3.1,-3.1,-inf,475.0,499.0,486.0
TK-0850,Tyler,Kroft,Tyler Kroft,TE,0.0,0,12.6,-12.6,-inf,475.0,499.0,398.0
CG-2162,Cyril,Grayson,Cyril Grayson,WR,0.0,0,0.3,-0.3,-inf,475.0,499.0,571.0
CH-3775,Cody,Hollister,Cody Hollister,WR,0.0,0,1.3,-1.3,-inf,475.0,499.0,521.0
AI-0050,Alec,Ingold,Alec Ingold,RB,0.4,0,11.700000000000005,-10.820000000000002,-12.295454545454547,467.0,499.0,402.0
TF-1500,Troy,Fumagalli,Troy Fumagalli,TE,0.7,0,9.1,-8.7,-21.75,460.0,499.0,420.0
FB-0750,Fred,Brown,Fred Brown,WR,0.0,0,2.1,-2.1,-inf,475.0,499.0,502.0
TH-2875,Tanner,Hudson,Tanner Hudson,TE,0.0,0,2.6,-2.6,-inf,475.0,499.0,497.0
MS-2100,Matthew,Slater,Matthew Slater,WR,0.0,0,0.0,-0.01988950276243096,1.0,475.0,499.0,576.0
TG-0025,Taylor,Gabriel,Taylor Gabriel,WR,31.1,0,30.2,-30.2,-inf,171.0,499.0,294.0
DS-3187,Diontae,Spencer,Diontae Spencer,WR,1.7000000000000002,0,-2.220446049250313e-16,0.2400000000000002,1.0000000000000009,436.0,499.0,638.0
DA-0212,Davante,Adams,Davante Adams,WR,37.8,0,91.9,-91.9,-inf,131.0,499.0,108.0
CL-0275,Cody,Latimer,Cody Latimer,WR,10.4,0,31.6,-31.6,-inf,309.0,499.0,286.0
BP-0450,Breshad,Perriman,Breshad Perriman,WR,2.9,0,99.2,-99.2,-inf,412.0,499.0,86.0
AW-1650,Albert,Wilson,Albert Wilson,WR,1.4,0,45.0,-45.0,-inf,442.0,499.0,229.0
AH-3900,Allen,Hurns,Allen Hurns,WR,4.1,0,47.5,-47.5,-inf,391.0,499.0,220.0
DF-2200,Devin,Funchess,Devin Funchess,WR,3.2,0,0.0,0.0,,407.0,499.0,576.0
TA-1050,Tavon,Austin,Tavon Austin,WR,4.300000000000002,0,32.1,-32.1,-inf,385.0,499.0,280.0
RS-0975,Russell,Shepard,Russell Shepard,WR,2.5,0,0.0,0.0,,417.0,499.0,576.0
DW-2350,DeAndrew,White,DeAndrew White,WR,0.0,0,2.0,-1.2695652173913043,-1.738095238095238,475.0,499.0,507.0
DI-0075,Dontrelle,Inman,Dontrelle Inman,WR,13.2,0,4.9,-4.9,-inf,285.0,499.0,459.0
DH-1800,Dwayne,Harris,Dwayne Harris,WR,0.7,0,0.0,0.0,,460.0,499.0,576.0
JN-0625,J.J.,Nelson,J.J. Nelson,WR,9.6,0,0.0,0.0,,320.0,499.0,576.0
CH-3350,Chris,Hogan,Chris Hogan,WR,2.4,0,4.300000000000002,-4.300000000000002,-inf,421.0,499.0,468.0
PD-0800,Phillip,Dorsett,Phillip Dorsett,WR,41.8,0,32.0,-32.0,-inf,116.0,499.0,282.0
AR-1100,Andre,Roberts,Andre Roberts,WR,1.2999999999999998,0,1.4,-1.4,-inf,450.0,499.0,517.0
DJ-0200,DeSean,Jackson,DeSean Jackson,WR,31.4,0,0.5,-0.5,-inf,168.0,499.0,557.0
GW-0250,Greg,Ward Jr.,Greg Ward Jr.,WR,0.0,0,31.9,-31.9,-inf,475.0,499.0,284.0
JO-0150,James,O'Shaughnessy,James O'Shaughnessy,TE,27.3,0,0.0,0.0,,194.0,499.0,576.0
RO-0550,Ricky,Ortiz,Ricky Ortiz,RB,0.0,0,0.8,-0.4432432432432433,-1.2424242424242424,475.0,499.0,546.0
IF-0175,Isaiah,Ford,Isaiah Ford,WR,0.9,0,24.6,-24.3,-80.99999999999997,456.0,499.0,329.0
DS-0875,Da'Mari,Scott,Da'Mari Scott,WR,0.0,0,2.7,-2.7,-inf,475.0,499.0,493.0
JS-1350,Jaleel,Scott,Jaleel Scott,WR,0.0,0,0.6,-0.6,-inf,475.0,499.0,553.0
TC-0450,Tra,Carson,Tra Carson,RB,0.0,0,6.6,-6.6,-inf,475.0,499.0,440.0
KH-2025,Khadarel,Hodge,Khadarel Hodge,WR,0.0,0,5.699999999999998,-4.728571428571428,-4.867647058823528,475.0,499.0,453.0
RG-1650,Ryan,Grant,Ryan Grant,WR,1.4,0,0.0,0.28839938636868706,1.0,442.0,499.0,576.0
RG-0012,Rico,Gafford,Rico Gafford,WR,0.0,0,14.6,-14.6,-inf,475.0,499.0,383.0
SM-2825,Steven,Mitchell,Steven Mitchell,WR,0.0,0,3.7,-3.7,-inf,475.0,499.0,479.0
CW-3250,Cedrick,Wilson,Cedrick Wilson,WR,0.0,0,4.6,-4.6,-inf,475.0,499.0,464.0
TC-2050,Tevin,Coleman,Tevin Coleman,RB,21.3,0,95.1,-95.1,-inf,233.0,499.0,97.0
AA-0025,Ameer,Abdullah,Ameer Abdullah,RB,4.8,0,19.500000000000004,-19.43755555130371,-311.27755880815465,376.0,499.0,357.0
SP-0850,Senorise,Perry,Senorise Perry,RB,0.0,0,0.4,0.051764705882352935,0.11458333333333333,475.0,499.0,562.0
DB-2750,David,Blough,David Blough,QB,0.0,0,55.36,-55.36,-inf,475.0,499.0,198.0
DW-3125,Damien,Williams,Damien Williams,RB,21.9,0,93.2,-93.2,-inf,229.0,499.0,101.0
DL-1787,Drew,Lock,Drew Lock,QB,0.0,0,68.0,-68.0,-inf,475.0,499.0,166.0
KJ-1400,Kyle,Juszczyk,Kyle Juszczyk,RB,8.2,0,22.4,-22.4,-inf,331.0,499.0,339.0
RF-0450,Ryan,Finley,Ryan Finley,QB,0.0,0,24.66,-24.66,-inf,475.0,499.0,328.0
TM-2362,Trace,McSorley,Trace McSorley,QB,0.0,0,0.1,-0.1,-inf,475.0,499.0,573.0
JA-0450,Jay,Ajayi,Jay Ajayi,RB,0.0,0,3.0,-2.714395813564418,-9.504047708266537,475.0,499.0,489.0
CS-1925,Cam,Sims,Cam Sims,WR,0.0,0,2.7,-2.7,-inf,475.0,499.0,493.0
VB-0325,Ventell,Bryant,Ventell Bryant,WR,0.0,0,7.5,-7.5,-inf,475.0,499.0,430.0
CM-1650,Codey,McElroy,Codey McElroy,WR,0.0,0,3.0,-3.0,-inf,475.0,499.0,489.0
VG-0300,Virgil,Green,Virgil Green,TE,1.8,0,12.000000000000002,-12.000000000000002,-inf,433.0,499.0,400.0
RD-0150,Rashard,Davis,Rashard Davis,WR,0.0,0,1.6,-1.6,-inf,475.0,499.0,512.0
RD-0450,Robert,Davis,Robert Davis,WR,1.1,0,0.6,-0.2432432432432432,-0.6818181818181817,453.0,499.0,553.0
VD-0100,Vernon,Davis,Vernon Davis,TE,20.3,0,0.0,0.0,,240.0,499.0,576.0
JN-0350,JoJo,Natson,JoJo Natson,WR,0.0,0,0.0,0.4216216216216215,1.0,475.0,499.0,576.0
BS-0825,Bo,Scarbrough,Bo Scarbrough,RB,0.0,0,42.2,-42.2,-inf,475.0,499.0,237.0
KH-2075,Krishawn,Hogan,Krishawn Hogan,WR,0.0,0,0.4,-0.4,-inf,475.0,499.0,562.0
NB-0125,Nick,Bawden,Nick Bawden,RB,1.4,0,0.3,0.5399999999999998,0.6428571428571428,442.0,499.0,571.0
RN-0025,Ryan,Nall,Ryan Nall,RB,0.0,0,0.8,-0.8,-inf,475.0,499.0,546.0
GH-1162,Gregory,Howell,Gregory Howell,RB,0.0,0,1.0,-1.0,-inf,475.0,499.0,534.0
DD-0681,Dalyn,Dawkins,Dalyn Dawkins,RB,0.0,0,2.6,-2.6,-inf,475.0,499.0,497.0
CB-1650,Christian,Blake,Christian Blake,WR,0.0,0,9.1,-9.1,-inf,475.0,499.0,420.0
BS-1450,Boston,Scott,Boston Scott,RB,0.0,0,72.9,-72.9,-inf,475.0,499.0,160.0
CL-0125,Chris,Lacy,Chris Lacy,WR,0.0,0,6.0,-6.0,-inf,475.0,499.0,448.0
AL-0387,Allen,Lazard,Allen Lazard,WR,0.0,0,67.8,-67.39999999999999,-168.49999999999997,475.0,499.0,167.0
AM-1150,A.J.,McCarron,A.J. McCarron,QB,0.0,-1,17.9,-18.965454854463328,17.800336424405547,475.0,645.0,367.0
ML-0650,Marqise,Lee,Marqise Lee,WR,1.0,-1,0.9,-1.9712332310129452,1.8401531748123336,454.0,645.0,538.0
JA-1025,Javorius,Allen,Javorius Allen,RB,0.0,-3,10.500000000000002,-13.705249859988632,4.275875659826795,475.0,647.0,408.0
ML-2500,Marshawn,Lynch,Marshawn Lynch,RB,0.0,-3,9.4,-13.261504391530408,3.4342844256806737,475.0,647.0,416.0
JS-6787,Jarrett,Stidham,Jarrett Stidham,QB,-1.44,-3,-0.2,-2.9679999999999995,0.9368686868686869,650.0,647.0,641.0
GO-0150,Gunner,Olszewski,Gunner Olszewski,WR,-2.0,-4,3.4,-7.800000000000002,1.7727272727272727,651.0,650.0,483.0
BH-2300,Brett,Hundley,Brett Hundley,QB,0.0,-13,6.06,-19.15471603687108,1.4627820857616707,475.0,651.0,447.0
MG-0850,Mike,Glennon,Mike Glennon,QB,0.0,-20,4.24,-24.524069577602827,1.2090310321495696,475.0,652.0,473.0
RG-1850,Robert,Griffin,Robert Griffin,QB,7.1000000000000005,-20,9.0,-29.538636681551782,1.4381985104242083,340.0,652.0,424.0
