player,first,last,name,position,week8-cur,week8-pred,week8-act,week8-diff,week8-pct,rank-cur,rank-pred,rank-act
DP-2037,Dak,Prescott,Dak Prescott,QB,156.18,181,188.56000000000003,-6.629090909090905,-0.036437408806539916,4.0,1.0,7.0
RW-3850,Russell,Wilson,Russell Wilson,QB,171.64,178,162.0,16.677243294492367,0.09333725429715334,2.0,2.0,14.0
DW-1725,Deshaun,Watson,Deshaun Watson,QB,169.68,174,154.3,19.864102564102552,0.11405394264177605,3.0,3.0,17.0
AR-1300,Aaron,Rodgers,Aaron Rodgers,QB,139.56000000000003,172,142.82000000000005,29.26478597939013,0.17006027472350194,9.0,4.0,24.0
KM-3500,Kyler,Murray,Kyler Murray,QB,134.32,172,153.96,18.737142857142857,0.10849712130236253,10.0,4.0,18.0
KC-2350,Kirk,Cousins,Kirk Cousins,QB,124.14,163,126.23999999999998,37.50260435938839,0.2290338822086662,13.0,6.0,34.0
SB-0212,Saquon,Barkley,Saquon Barkley,RB,51.1,154,144.99999999999997,9.739130434782624,0.06293902781680258,125.0,7.0,21.0
PR-0300,Philip,Rivers,Philip Rivers,QB,116.96,153,123.54,29.813300505280523,0.19440925240636694,16.0,8.0,36.0
CM-1225,Christian,McCaffrey,Christian McCaffrey,RB,150.3,152,212.90000000000003,-60.6894736842105,-0.39872060857538,6.0,9.0,2.0
AK-0050,Alvin,Kamara,Alvin Kamara,RB,77.41999999999999,152,92.1,60.2128205128205,0.3953233897848557,47.0,9.0,73.0
EE-0250,Ezekiel,Elliott,Ezekiel Elliott,RB,111.7,152,145.9,6.900000000000006,0.045157068062827266,21.0,9.0,20.0
TB-2300,Tom,Brady,Tom Brady,QB,133.98000000000002,151,131.70000000000002,19.943478221520763,0.13151556832788636,11.0,12.0,28.0
PM-0025,Patrick,Mahomes,Patrick Mahomes,QB,155.4,151,140.64,10.601025641025645,0.07009358470093585,5.0,12.0,26.0
GM-1350,Gardner,Minshew,Gardner Minshew,QB,116.18,149,116.06,33.314285714285745,0.22302557334404485,17.0,14.0,41.0
CW-1425,Carson,Wentz,Carson Wentz,QB,125.36,149,154.5,-4.729090909090901,-0.03157549712287852,12.0,14.0,16.0
MR-2500,Matt,Ryan,Matt Ryan,QB,142.2,148,127.14,21.206666379868967,0.14295344073027827,8.0,16.0,33.0
LJ-0150,Lamar,Jackson,Lamar Jackson,QB,179.60000000000005,147,244.78000000000003,-97.7626086956522,-0.6649730880700304,1.0,17.0,1.0
DC-0725,Derek,Carr,Derek Carr,QB,77.10000000000002,146,172.3,-25.672175756841913,-0.17508393027962302,48.0,18.0,11.0
JW-5650,Jameis,Winston,Jameis Winston,QB,105.64,143,202.72,-59.44413915060454,-0.414892912163964,25.0,19.0,5.0
JA-1087,Josh,Allen,Josh Allen,QB,103.96,142,187.6,-44.86363636363637,-0.3143111903700402,26.0,20.0,8.0
BM-0650,Baker,Mayfield,Baker Mayfield,QB,69.34,142,163.84000000000003,-21.36727272727279,-0.1499744767738647,64.0,20.0,12.0
JJ-0587,Josh,Jacobs,Josh Jacobs,RB,88.10000000000002,137,83.50000000000001,53.92857142857143,0.3924116424116424,37.0,22.0,88.0
RF-0500,Ryan,Fitzpatrick,Ryan Fitzpatrick,QB,39.88,137,202.58,-64.6622297692299,-0.4688462528145154,174.0,22.0,6.0
JG-1850,Jared,Goff,Jared Goff,QB,107.44,134,142.12000000000003,-7.723636363636388,-0.05746908736708261,24.0,24.0,25.0
RT-0150,Ryan,Tannehill,Ryan Tannehill,QB,23.34,133,207.84000000000003,-74.5737498966605,-0.5595846648257401,263.0,25.0,3.0
NC-0175,Nick,Chubb,Nick Chubb,RB,109.5,131,111.7,20.118181818181807,0.15262068965517234,23.0,26.0,43.0
TG-1950,Todd,Gurley,Todd Gurley,RB,73.2,123,115.2,8.522518384456633,0.06888413278150117,60.0,27.0,42.0
KH-2850,Kareem,Hunt,Kareem Hunt,RB,0.0,120,60.8,59.30526315789477,0.493777388255916,509.0,28.0,159.0
AD-0100,Andy,Dalton,Andy Dalton,QB,112.98,119,92.64,26.449536605179283,0.22209790514903194,20.0,29.0,70.0
JG-0650,Jimmy,Garoppolo,Jimmy Garoppolo,QB,75.6,119,176.75999999999996,-56.918880522549145,-0.4749528439882351,52.0,29.0,10.0
MT-1800,Mitchell,Trubisky,Mitchell Trubisky,QB,53.66,119,149.16,-29.63368421052633,-0.24792602377807146,111.0,29.0,19.0
PL-0275,Phillip,Lindsay,Phillip Lindsay,RB,81.60000000000002,118,81.1,37.769565217391296,0.3177395757132407,42.0,32.0,96.0
TH-1750,Tyreek,Hill,Tyreek Hill,WR,39.5,115,98.8,16.963636363636393,0.1465368305324331,176.0,33.0,54.0
TH-1850,T.Y.,Hilton,T.Y. Hilton,WR,60.6,113,19.5,94.33305597305298,0.8286965079403991,89.0,34.0,329.0
ME-0600,Mike,Evans,Mike Evans,WR,74.39999999999998,113,95.3,18.508949053287512,0.16263175442048294,57.0,34.0,63.0
MT-0875,Michael,Thomas,Michael Thomas,WR,94.3,110,131.29999999999998,-20.936363636363662,-0.18970345963756213,31.0,36.0,29.0
JH-5575,Jordan,Howard,Jordan Howard,RB,70.0,110,31.4,79.10909090909092,0.7158604804211912,63.0,36.0,253.0
MM-0912,Marcus,Mariota,Marcus Mariota,QB,86.06000000000002,104,0.96,103.38008611619472,0.9907993175419568,38.0,38.0,514.0
MG-1150,Melvin,Gordon,Melvin Gordon,RB,15.499999999999998,103,123.3,-19.914797651767746,-0.19262715746000816,318.0,39.0,37.0
JJ-4700,Julio,Jones,Julio Jones,WR,82.1,100,95.0,5.684755599498758,0.05646093657029306,40.0,40.0,64.0
LB-0250,Le'Veon,Bell,Le'Veon Bell,RB,62.1,100,86.89999999999998,13.635849869251231,0.13563171631795934,83.0,40.0,82.0
LF-0650,Leonard,Fournette,Leonard Fournette,RB,95.8,100,87.6,13.015384615384619,0.12935779816513765,30.0,40.0,81.0
JS-4750,Juju,Smith-Schuster,Juju Smith-Schuster,WR,46.0,99,27.20000000000001,72.1684210526316,0.7262711864406779,145.0,43.0,275.0
EM-0200,Eli,Manning,Eli Manning,QB,25.04,98,31.34,67.60581505954265,0.6832609850033524,251.0,44.0,254.0
DH-3950,DeAndre,Hopkins,DeAndre Hopkins,WR,68.80000000000001,98,97.74,0.5425840294360853,0.005520652868402186,68.0,44.0,55.0
JS-3825,Joey,Slye,Joey Slye,K,64.0,97,60.0,37.14285714285714,0.38235294117647056,79.0,46.0,161.0
MI-0100,Mark,Ingram,Mark Ingram,RB,98.6,96,117.4,-21.019728609919554,-0.21809161052106069,29.0,47.0,40.0
TM-2275,Terry,McLaurin,Terry McLaurin,WR,73.9,95,64.0,31.01428571428573,0.3264170801383252,58.0,48.0,146.0
HB-0500,Harrison,Butker,Harrison Butker,K,66.0,95,96.0,-0.8717948717948758,-0.009164420485175243,73.0,48.0,62.0
DJ-2275,Daniel,Jones,Daniel Jones,QB,73.86000000000001,94,144.12,-49.15714285714285,-0.5176459969311308,59.0,50.0,22.0
MG-0306,Matt,Gay,Matt Gay,K,56.0,94,84.0,10.285714285714292,0.10909090909090917,101.0,50.0,86.0
WL-0300,Wil,Lutz,Wil Lutz,K,66.0,93,93.0,0.09090909090909348,0.0009765625000000278,73.0,52.0,69.0
DH-2450,Derrick,Henry,Derrick Henry,RB,100.5,93,184.0,-90.62545454545452,-0.9705584547083104,28.0,52.0,9.0
MS-4100,Matthew,Stafford,Matthew Stafford,QB,119.34,93,51.22,42.1557116496563,0.4514633506390146,14.0,52.0,187.0
JM-5275,Joe,Mixon,Joe Mixon,RB,47.4,92,143.1,-51.023076923076935,-0.554135338345865,140.0,55.0,23.0
SM-2625,Sony,Michel,Sony Michel,RB,78.30000000000003,91,62.5,28.978260869565247,0.31677756653992417,45.0,56.0,155.0
CR-0862,Calvin,Ridley,Calvin Ridley,WR,61.3,91,72.7,18.647826086956528,0.2041408852927178,85.0,56.0,127.0
BC-2325,Brandin,Cooks,Brandin Cooks,WR,51.3,91,24.200000000000006,67.79924416542053,0.7369543606631501,121.0,56.0,296.0
AR-1250,Allen,Robinson,Allen Robinson,WR,64.39999999999999,90,92.5,-2.0870229467749795,-0.023083223391110932,77.0,59.0,71.0
DM-2787,David,Montgomery,David Montgomery,RB,41.6,89,103.8,-14.799999999999995,-0.16629213483146066,166.0,60.0,49.0
SD-0175,Sam,Darnold,Sam Darnold,QB,26.960000000000004,89,163.2,-73.49090909090908,-0.8192136197811111,241.0,60.0,13.0
JT-3950,Justin,Tucker,Justin Tucker,K,75.0,87,77.0,10.355093270540236,0.11854023483748492,53.0,62.0,110.0
OB-0075,Odell,Beckham Jr.,Odell Beckham Jr.,WR,51.90000000000001,86,77.39999999999998,9.241636630892769,0.10666507455605463,120.0,63.0,108.0
JE-0100,Julian,Edelman,Julian Edelman,WR,65.78,85,88.5,-3.201671282574523,-0.037534982580736766,75.0,64.0,80.0
CM-2137,Chase,McLaughlin,Chase McLaughlin,K,45.0,84,42.0,42.285714285714285,0.5016949152542374,151.0,65.0,217.0
AJ-1143,Aaron,Jones,Aaron Jones,RB,111.5,84,158.3,-73.71025641025642,-0.8713852682631101,22.0,65.0,15.0
TK-0150,Travis,Kelce,Travis Kelce,TE,60.1,83,97.20000000000002,-13.799426040053374,-0.16545960519025432,90.0,67.0,57.0
MJ-2250,Marvin,Jones,Marvin Jones,WR,69.1,83,62.8,21.189127486944216,0.2522841720225988,65.0,67.0,153.0
MM-0050,Marlon,Mack,Marlon Mack,RB,72.8,83,96.5,-13.289473684210506,-0.1597090449082856,61.0,67.0,59.0
JC-4075,James,Conner,James Conner,RB,74.6,82,36.90000000000001,45.73157894736843,0.5534394904458599,56.0,70.0,236.0
AE-0550,Austin,Ekeler,Austin Ekeler,RB,115.6,82,107.4,-25.01538461538461,-0.3036414565826329,18.0,70.0,46.0
LF-0200,Larry,Fitzgerald,Larry Fitzgerald,WR,55.90000000000001,81,46.5,34.75145100355149,0.4277025280697143,103.0,72.0,202.0
LM-1000,LeSean,McCoy,LeSean McCoy,RB,58.8,80,31.8,48.903391769528376,0.6059645164503867,96.0,73.0,249.0
NE,New England,Patriots,New England Patriots,DF,115.0,80,74.0,6.683429256081581,0.08283521557901323,19.0,73.0,120.0
AC-2350,Amari,Cooper,Amari Cooper,WR,94.09999999999998,80,77.4,3.168358647823325,0.03932509859947262,32.0,73.0,107.0
JE-0250,Jake,Elliott,Jake Elliott,K,45.0,80,61.0,19.769230769230774,0.2447619047619048,151.0,73.0,157.0
DC-3550,Dalvin,Cook,Dalvin Cook,RB,142.5,79,98.9,-19.6948717948718,-0.2486565231466495,7.0,77.0,53.0
FG-0200,Frank,Gore,Frank Gore,RB,55.6,78,26.3,52.400096321105956,0.665819976983347,104.0,78.0,282.0
AP-0700,Adrian,Peterson,Adrian Peterson,RB,36.9,78,93.1,-14.203545293211933,-0.18002767483023407,188.0,78.0,68.0
JL-0215,Jarvis,Landry,Jarvis Landry,WR,44.9,77,111.5,-33.60902337580916,-0.4314880212372521,156.0,80.0,44.0
CC-0750,Chris,Carson,Chris Carson,RB,90.0,77,105.8,-27.825641025641037,-0.3568562972706348,36.0,80.0,47.0
MP-2100,Matt,Prater,Matt Prater,K,62.0,77,66.0,11.1766187697649,0.14481871514878428,84.0,80.0,141.0
CK-1300,Cooper,Kupp,Cooper Kupp,WR,81.7,76,96.9,-20.56666666666668,-0.2694323144104805,41.0,83.0,58.0
RG-1500,Robbie,Gould,Robbie Gould,K,48.0,76,94.0,-17.845123909413818,-0.23432674078790505,137.0,83.0,67.0
KA-0650,Keenan,Allen,Keenan Allen,WR,74.69999999999997,75,82.8,-7.304656916856757,-0.0967563907725026,55.0,85.0,89.0
CS-4462,Courtland,Sutton,Courtland Sutton,WR,76.39999999999998,75,76.02,-0.9330434782608849,-0.012426172553561292,50.0,85.0,112.0
CG-1425,Chris,Godwin,Chris Godwin,WR,102.2,75,89.89999999999998,-14.399999999999993,-0.19072847682119196,27.0,85.0,77.0
GK-0075,George,Kittle,George Kittle,TE,45.4,75,94.1,-18.942105263157888,-0.2520308123249298,150.0,85.0,66.0
TC-1975,Tarik,Cohen,Tarik Cohen,RB,25.4,75,57.5,18.152631578947364,0.2399471267566439,248.0,85.0,169.0
PIT,Pittsburgh,Steelers,Pittsburgh Steelers,DF,59.0,75,105.0,-29.93298643827437,-0.3987501968978859,95.0,85.0,48.0
KJ-0587,Kerryon,Johnson,Kerryon Johnson,RB,59.4,75,15.6,60.21818181818184,0.7942446043165468,94.0,85.0,349.0
CH-5000,Carlos,Hyde,Carlos Hyde,RB,64.3,74,80.9,-6.0197761788964215,-0.08039206978438357,78.0,92.0,98.0
SH-0400,Stephen,Hauschka,Stephen Hauschka,K,36.0,74,65.0,9.94400680065155,0.13268581738767,194.0,92.0,143.0
MB-3537,Matt,Breida,Matt Breida,RB,62.5,74,23.8,50.54210526315789,0.6798584070796461,81.0,92.0,300.0
DF-1875,Devonta,Freeman,Devonta Freeman,RB,66.3,74,72.3,2.108525648713112,0.02833715129187725,72.0,92.0,128.0
JM-7000,Jason,Myers,Jason Myers,K,41.0,73,71.0,2.297257632017136,0.031341658695477115,168.0,96.0,129.0
CAR,Carolina,Panthers,Carolina Panthers,DF,69.0,73,24.0,49.73817688971758,0.674524093050276,66.0,96.0,297.0
CB-2275,Chris,Boswell,Chris Boswell,K,49.0,72,75.0,-2.4516067951917653,-0.033792709760927984,133.0,98.0,114.0
BAL,Baltimore,Ravens,Baltimore Ravens,DF,44.0,72,91.0,-18.044737815856934,-0.2473397706434257,159.0,98.0,75.0
ES-0200,Emmanuel,Sanders,Emmanuel Sanders,WR,44.7,71,79.1,-7.974416764080503,-0.11211741825202076,157.0,100.0,102.0
KG-0650,Kenny,Golladay,Kenny Golladay,WR,62.5,71,128.5,-57.39473684210525,-0.8071798667653589,81.0,100.0,31.0
DJ-1675,Diontae,Johnson,Diontae Johnson,WR,33.8,71,74.3,-2.585714285714289,-0.03605577689243033,211.0,100.0,118.0
DM-2850,D.J.,Moore,D.J. Moore,WR,51.0,70,96.5,-26.04545454545453,-0.36967741935483855,126.0,103.0,59.0
LM-1850,Latavius,Murray,Latavius Murray,RB,53.5,70,69.69999999999999,1.037978897243761,0.014673573000319422,112.0,103.0,134.0
MB-0020,Michael,Badgley,Michael Badgley,K,61.0,70,3.0,67.0,0.9571428571428572,87.0,103.0,472.0
BM-0062,Brett,Maher,Brett Maher,K,39.0,70,57.0,13.062353819608688,0.1864389805292677,179.0,103.0,172.0
SEA,Seattle,Seahawks,Seattle Seahawks,DF,39.0,70,73.0,-2.252720355987549,-0.031841794727978684,179.0,103.0,124.0
MB-4075,Marquise,Brown,Marquise Brown,WR,54.6,70,49.8,20.399999999999988,0.2905982905982905,106.0,103.0,193.0
TL-1025,Tyler,Lockett,Tyler Lockett,WR,76.7,70,78.49999999999999,-8.222984415292743,-0.11700816187023913,49.0,103.0,104.0
CHI,Chicago,Bears,Chicago Bears,DF,50.0,69,40.0,29.437253519892693,0.4239403494186212,130.0,110.0,223.0
MC-3000,Mason,Crosby,Mason Crosby,K,54.0,69,64.0,5.324367359280585,0.07680369200755212,107.0,110.0,146.0
JW-2550,James,White,James White,RB,40.5,69,81.7,-12.54568037390709,-0.18141571548588306,172.0,110.0,92.0
GT-0100,Golden,Tate,Golden Tate,WR,27.5,68,83.69999999999997,-14.823955893516539,-0.21522658691893612,238.0,113.0,87.0
DB-0200,Dan,Bailey,Dan Bailey,K,64.0,68,75.0,-6.506899237632752,-0.09500079811261652,79.0,113.0,114.0
BUF,Buffalo,Bills,Buffalo Bills,DF,48.0,67,74.0,-6.442903578281403,-0.09536975269129692,137.0,115.0,120.0
AV-0400,Adam,Vinatieri,Adam Vinatieri,K,36.0,67,39.0,28.333174228668213,0.4207907105707917,194.0,115.0,228.0
RA-1125,Robby,Anderson,Robby Anderson,WR,34.599999999999994,67,77.6,-10.396296296296283,-0.15469826398456854,207.0,115.0,105.0
ARI,Arizona,Cardinals,Arizona Cardinals,DF,28.0,67,35.0,32.51812759041788,0.4816206958178862,236.0,115.0,239.0
SS-1250,Sterling,Shepard,Sterling Shepard,WR,38.90000000000001,66,45.9,20.33636363636364,0.3070271754048861,182.0,119.0,204.0
MH-0875,Mecole,Hardman,Mecole Hardman,WR,52.0,66,49.5,17.357142857142858,0.25961538461538464,118.0,119.0,194.0
JB-5725,Jacoby,Brissett,Jacoby Brissett,QB,117.72,66,102.95999999999998,-36.41925925925925,-0.5473227206946454,15.0,119.0,50.0
DET,Detroit,Lions,Detroit Lions,DF,37.0,66,37.0,29.843715772032752,0.4464700297902842,186.0,119.0,235.0
SD-0537,Stefon,Diggs,Stefon Diggs,WR,86.00000000000001,65,73.00000000000001,-7.441452756524099,-0.11350850605165964,39.0,123.0,123.0
TB,Tampa Bay,Buccaneers,Tampa Bay Buccaneers,DF,39.0,65,90.0,-24.05175372958182,-0.3647064947103908,179.0,123.0,76.0
JB-6950,John,Brown,John Brown,WR,59.7,65,92.12,-26.252248356938352,-0.3985599584330689,93.0,123.0,72.0
DM-2275,D.K.,Metcalf,D.K. Metcalf,WR,51.3,65,81.79999999999998,-15.842857142857127,-0.24019926359107624,121.0,123.0,91.0
JW-3650,Jamaal,Williams,Jamaal Williams,RB,48.90000000000001,65,58.399999999999984,7.266666666666674,0.11065989847715747,136.0,123.0,165.0
PHI,Philadelphia,Eagles,Philadelphia Eagles,DF,51.0,65,55.0,10.756057202815995,0.16357515429552502,126.0,123.0,177.0
GB,Green Bay,Packers,Green Bay Packers,DF,49.0,65,55.0,10.672402754426015,0.16250970433249065,133.0,123.0,177.0
LA,Los Angeles,Rams,Los Angeles Rams,DF,57.0,65,76.0,-10.617523886263355,-0.16239097258711266,99.0,123.0,113.0
DP-0350,DeVante,Parker,DeVante Parker,WR,46.40000000000001,64,129.79999999999998,-65.79614592939613,-1.0280028739646705,142.0,131.0,30.0
RW-4050,Robert,Woods,Robert Woods,WR,56.0,64,86.89999999999998,-22.051614630222307,-0.3400487846301777,101.0,131.0,82.0
AS-0575,Austin,Seibert,Austin Seibert,K,37.0,64,75.0,-10.714285714285708,-0.16666666666666655,186.0,131.0,114.0
ZE-0100,Zach,Ertz,Zach Ertz,TE,46.4,64,81.2,-16.643056441843513,-0.2578042813760308,143.0,131.0,95.0
SF,San Francisco,49ers,San Francisco 49ers,DF,69.0,64,71.0,-6.6458473205566415,-0.10326990635181688,66.0,131.0,129.0
KC,Kansas City,Chiefs,Kansas City Chiefs,DF,60.0,64,66.0,-1.7368457913398885,-0.027027085936373645,91.0,131.0,141.0
MIN,Minnesota,Vikings,Minnesota Vikings,DF,54.0,63,89.0,-25.186939969658862,-0.3946988274450911,107.0,137.0,79.0
MS-0125,Miles,Sanders,Miles Sanders,RB,49.0,63,121.70000000000002,-58.70000000000002,-0.931746031746032,133.0,137.0,38.0
GZ-2000,Greg,Zuerlein,Greg Zuerlein,K,71.0,63,50.0,13.940080866217613,0.21801787982383952,62.0,137.0,192.0
IND,Indianapolis,Colts,Indianapolis Colts,DF,34.0,63,68.0,-4.736573040485382,-0.07487063645029139,208.0,137.0,137.0
JL-0207,Josh,Lambo,Josh Lambo,K,68.0,63,65.0,-1.8659508116543293,-0.029555379951754737,70.0,137.0,143.0
KS-2350,Kenny,Stills,Kenny Stills,WR,35.3,63,44.8,18.55860880762338,0.29291376747196485,203.0,137.0,208.0
JC-5680,Jamison,Crowder,Jamison Crowder,WR,30.200000000000006,62,89.6,-27.54115210473537,-0.4437909023257405,227.0,143.0,78.0
RF-1400,Royce,Freeman,Royce Freeman,RB,55.6,62,43.59999999999999,18.5304347826087,0.2982505248425474,104.0,143.0,213.0
JG-2900,Jimmy,Graham,Jimmy Graham,TE,39.40000000000001,62,23.300000000000004,39.00197901129722,0.6260150902144697,178.0,143.0,302.0
EE-0400,Evan,Engram,Evan Engram,TE,52.40000000000001,62,15.0,47.384615384615394,0.7595561035758324,116.0,143.0,352.0
DEN,Denver,Broncos,Denver Broncos,DF,36.0,62,56.0,6.612181365489953,0.10560535060888963,194.0,143.0,173.0
KD-1462,Kenyan,Drake,Kenyan Drake,RB,32.800000000000004,61,133.40000000000003,-71.4363636363637,-1.152875586854461,215.0,148.0,27.0
TEN,Tennessee,Titans,Tennessee Titans,DF,54.0,61,73.0,-11.791437745094301,-0.1926435993707604,107.0,148.0,124.0
DH-3970,Dustin,Hopkins,Dustin Hopkins,K,23.0,61,80.0,-18.209864586591717,-0.2947050441750648,264.0,148.0,99.0
AB-3150,A.J.,Brown,A.J. Brown,WR,47.5,61,127.6,-66.52857142857142,-1.0893567251461989,139.0,148.0,32.0
LAC,Los Angeles,Chargers,Los Angeles Chargers,DF,42.0,61,32.0,29.65793079137802,0.4810075591366627,164.0,148.0,246.0
JR-3250,Josh,Rosen,Josh Rosen,QB,17.979999999999997,60,0.0,60.4090909090909,1.0,297.0,153.0,555.0
AJ-0430,Alshon,Jeffery,Alshon Jeffery,WR,49.5,60,29.7,30.98866609483957,0.5106170243783719,131.0,153.0,258.0
NYG,New York,Giants,New York Giants,DF,45.0,60,26.0,34.49189031124116,0.5701903202854872,151.0,153.0,284.0
MA-1050,Mark,Andrews,Mark Andrews,TE,60.9,59,82.3,-23.126086956521725,-0.3908155767817778,88.0,156.0,90.0
RB-4650,Randy,Bullock,Randy Bullock,K,42.0,59,71.0,-11.57395988702774,-0.19476242847453726,164.0,156.0,129.0
DJ-1850,Duke,Johnson,Duke Johnson,RB,46.0,58,64.0,-5.33898491263389,-0.0910141923845391,145.0,158.0,146.0
CIN,Cincinnati,Bengals,Cincinnati Bengals,DF,24.0,58,39.0,19.91409112513066,0.33801915203671906,260.0,158.0,228.0
NYJ,New York,Jets,New York Jets,DF,41.0,58,74.0,-15.047342777252195,-0.25524452138598336,168.0,158.0,120.0
RC-1500,Randall,Cobb,Randall Cobb,WR,31.0,58,68.89999999999999,-10.725147058069716,-0.18436053579328307,224.0,158.0,136.0
CLE,Cleveland,Browns,Cleveland Browns,DF,36.0,58,52.0,6.487428307533271,0.11092004718384378,194.0,158.0,186.0
MV-0012,Marquez,Valdes-Scantling,Marquez Valdes-Scantling,WR,58.5,58,3.6,54.44347826086956,0.9379775280898875,98.0,158.0,464.0
BM-1650,Brandon,McManus,Brandon McManus,K,47.0,57,79.0,-21.85264898464084,-0.38239128492180896,141.0,164.0,103.0
WF-0300,Will,Fuller,Will Fuller,WR,65.0,56,22.0,34.67272727272728,0.6118062239332692,76.0,165.0,311.0
DAL,Dallas,Cowboys,Dallas Cowboys,DF,45.0,56,47.0,9.933904379606254,0.17448134793939374,151.0,165.0,199.0
EE-0050,Eric,Ebron,Eric Ebron,TE,40.6,56,16.9,39.353802874684334,0.6995758662281402,170.0,165.0,345.0
KF-0075,Ka'imi,Fairbairn,Ka'imi Fairbairn,K,46.0,56,59.0,-2.636363636363633,-0.046774193548387036,145.0,165.0,163.0
PW-1150,Preston,Williams,Preston Williams,WR,35.4,56,23.4,33.17142857142858,0.5863636363636364,201.0,165.0,301.0
MC-2900,Michael,Crabtree,Michael Crabtree,WR,2.2,55,0.0,55.86964344978332,1.0,451.0,170.0,555.0
HOU,Houston,Texans,Houston Texans,DF,44.0,55,47.0,8.764699295163147,0.15717289622188224,159.0,170.0,199.0
TB-2075,Tyler,Boyd,Tyler Boyd,WR,53.3,55,81.50000000000001,-26.045454545454568,-0.4696721311475416,113.0,170.0,93.0
JAC,Jacksonville,Jaguars,Jacksonville Jaguars,DF,46.0,55,54.0,1.1889308094978404,0.02154292159784384,145.0,170.0,182.0
ATL,Atlanta,Falcons,Atlanta Falcons,DF,3.0,54,64.0,-9.035696700215349,-0.16439209009769706,433.0,174.0,146.0
DC-0450,Daniel,Carlson,Daniel Carlson,K,32.0,53,59.0,-5.363636363636368,-0.10000000000000006,218.0,175.0,163.0
AH-3650,Austin,Hooper,Austin Hooper,TE,78.6,53,38.1,15.045454545454547,0.28309955525145397,44.0,175.0,232.0
WAS,Washington,Redskins,Washington Redskins,DF,36.0,53,43.0,10.724644690752037,0.19962244054818548,194.0,175.0,214.0
JS-0350,Jason,Sanders,Jason Sanders,K,22.0,53,81.0,-27.36363636363637,-0.5101694915254238,271.0,175.0,97.0
GO-0100,Greg,Olsen,Greg Olsen,TE,39.8,52,31.9,20.92316454797983,0.3960982786060668,175.0,179.0,247.0
NO,New Orleans,Saints,New Orleans Saints,DF,52.0,52,73.0,-20.843667179346088,-0.39963828076294505,118.0,179.0,124.0
NH-1237,Nyheim,Hines,Nyheim Hines,RB,16.6,52,57.3,-5.254545454545443,-0.10096069868995608,307.0,179.0,171.0
DW-2275,Dede,Westbrook,Dede Westbrook,WR,46.3,51,44.40000000000001,7.31794871794871,0.14149727317798694,144.0,182.0,210.0
TH-1875,T.J.,Hockenson,T.J. Hockenson,TE,33.90000000000001,51,14.8,36.628571428571455,0.7122222222222224,210.0,182.0,355.0
CB-1130,Cole,Beasley,Cole Beasley,WR,36.3,51,81.49999999999999,-30.17480081915853,-0.5879139545633193,192.0,182.0,94.0
PB-0125,Peyton,Barber,Peyton Barber,RB,44.7,51,55.8,-4.355555555555547,-0.08466522678185727,157.0,182.0,174.0
JF-1900,Joe,Flacco,Joe Flacco,QB,78.02,51,7.86,43.975231185257456,0.8483656806331468,46.0,182.0,411.0
CD-0975,Corey,Davis,Corey Davis,WR,43.7,51,28.4,22.83076923076924,0.4456456456456458,161.0,182.0,269.0
MG-0175,Michael,Gallup,Michael Gallup,WR,50.1,50,100.6,-49.81739130434782,-0.9809931506849314,129.0,188.0,51.0
KR-1200,Kyle,Rudolph,Kyle Rudolph,TE,19.0,50,55.7,-4.702075096964833,-0.09220130242367937,288.0,188.0,175.0
GE-0150,Gus,Edwards,Gus Edwards,RB,26.3,49,61.3,-11.69130434782609,-0.23567046450482046,242.0,190.0,156.0
CE-0175,Chase,Edmonds,Chase Edmonds,RB,68.7,48,2.1,46.50869565217391,0.9567978533094812,69.0,191.0,486.0
JW-6000,Jason,Witten,Jason Witten,TE,36.3,48,40.6,8.062935724854476,0.16568946375210886,192.0,191.0,221.0
CK-0825,Christian,Kirk,Christian Kirk,WR,28.000000000000004,48,74.19999999999997,-25.28695652173911,-0.5169777777777774,235.0,191.0,119.0
MW-2825,Mike,Williams,Mike Williams,WR,35.0,47,79.29999999999998,-31.68461538461537,-0.6654281098546039,204.0,194.0,100.0
MIA,Miami,Dolphins,Miami Dolphins,DF,1.0,47,40.0,7.59930944442749,0.15965167421808366,482.0,194.0,223.0
OH-0250,O.J.,Howard,O.J. Howard,TE,15.6,47,34.3,13.410526315789484,0.2810810810810812,314.0,194.0,240.0
DJ-1325,David,Johnson,David Johnson,RB,91.5,47,14.0,33.890486586093914,0.7076663655352122,33.0,194.0,361.0
DT-0900,Demaryius,Thomas,Demaryius Thomas,WR,15.0,46,34.3,12.492135709524169,0.2669708385843456,323.0,198.0,240.0
OAK,Oakland,Raiders,Oakland Raiders,DF,22.0,46,44.0,2.8361797332763667,0.060555317479519075,271.0,198.0,212.0
AM-1975,Anthony,Miller,Anthony Miller,WR,12.3,46,63.2,-17.054545454545462,-0.3695823483057528,340.0,198.0,150.0
JR-2075,Jalen,Richard,Jalen Richard,RB,9.4,46,37.4,8.822222222222239,0.19086538461538488,365.0,198.0,234.0
DM-2775,Donte,Moncrief,Donte Moncrief,WR,1.8,45,0.0,45.170972746610644,1.0,461.0,202.0,555.0
DC-1418,D.J.,Chark,D.J. Chark,WR,90.1,45,62.7,-16.830434782608684,-0.3669194312796205,35.0,202.0,154.0
ZG-0050,Zane,Gonzalez,Zane Gonzalez,K,67.0,45,65.0,-19.358974358974365,-0.4241573033707867,71.0,202.0,143.0
MS-0150,Mohamed,Sanu,Mohamed Sanu,WR,37.6,44,27.5,16.995906354486948,0.3819656176701993,185.0,205.0,273.0
CS-0050,Curtis,Samuel,Curtis Samuel,WR,51.3,44,66.39999999999999,-21.926315789473662,-0.4930177514792893,121.0,205.0,139.0
GJ-1200,Greg,Joseph,Greg Joseph,K,21.0,44,0.0,44.34782608695652,1.0,273.0,205.0,555.0
AR-1450,Aldrick,Rosas,Aldrick Rosas,K,26.0,43,41.0,2.636363636363633,0.0604166666666666,244.0,208.0,220.0
DP-1263,Dante,Pettis,Dante Pettis,WR,14.94,42,8.6,33.87272727272727,0.7975171232876712,324.0,209.0,403.0
AC-0237,Antonio,Callaway,Antonio Callaway,WR,2.2,42,6.699999999999998,35.80000000000001,0.8423529411764707,451.0,209.0,425.0
DN-1225,David,Njoku,David Njoku,TE,9.7,42,0.4,41.784210526315775,0.9905177791640674,359.0,209.0,536.0
ZJ-0100,Zay,Jones,Zay Jones,WR,6.9,42,15.0,27.026315789473692,0.6430807764558548,391.0,209.0,352.0
DA-0900,Danny,Amendola,Danny Amendola,WR,33.2,42,47.36,-5.012735044062133,-0.11837210854769158,214.0,209.0,198.0
IS-0250,Ito,Smith,Ito Smith,RB,25.3,41,0.0,41.739130434782616,1.0,249.0,214.0,555.0
CB-2775,Cameron,Brate,Cameron Brate,TE,23.9,41,31.2,10.222827121615419,0.24679211516881006,261.0,214.0,256.0
AH-3862,Adam,Humphries,Adam Humphries,WR,23.0,40,26.500000000000004,13.736680030822749,0.3413969547263829,264.0,216.0,279.0
HR-0062,Hunter,Renfrow,Hunter Renfrow,WR,11.5,40,77.00000000000001,-36.571428571428584,-0.904593639575972,347.0,216.0,109.0
AM-0825,Alexander,Mattison,Alexander Mattison,RB,31.800000000000004,40,26.6,14.285714285714292,0.34940600978336833,220.0,216.0,277.0
DB-2950,Devontae,Booker,Devontae Booker,RB,0.0,40,6.6,34.29090909090909,0.8385949310804802,509.0,216.0,427.0
NA-0050,Nelson,Agholor,Nelson Agholor,WR,41.4,40,13.6,26.950876355171214,0.664618838791984,167.0,216.0,363.0
JD-2550,Jack,Doyle,Jack Doyle,TE,20.9,39,47.90000000000001,-7.954767966270445,-0.19914186402906556,274.0,221.0,196.0
MM-4700,Matt,Moore,Matt Moore,QB,9.48,39,35.78,3.821292489767089,0.09649413565869104,364.0,221.0,237.0
KA-0737,Kyle,Allen,Kyle Allen,QB,58.64000000000002,39,124.84,-85.66727272727273,-2.186911116268276,97.0,221.0,35.0
KC-1550,Keelan,Cole,Keelan Cole,WR,8.1,38,46.6,-7.6256410256410225,-0.1956578947368421,377.0,224.0,201.0
NF-0300,Nick,Folk,Nick Folk,K,60.0,38,7.0,31.08045870065689,0.8161786848465864,91.0,224.0,420.0
TP-1650,Tony,Pollard,Tony Pollard,RB,29.700000000000006,38,46.5,-8.314285714285718,-0.2177328843995512,229.0,224.0,202.0
HH-0225,Hunter,Henry,Hunter Henry,TE,37.7,38,57.5,-18.700000000000006,-0.4819587628865981,184.0,224.0,169.0
TS-2425,Tre'Quan,Smith,Tre'Quan Smith,WR,13.5,38,39.9,-1.5521739130434753,-0.0404761904761904,332.0,224.0,225.0
JS-0280,Jaylen,Samuels,Jaylen Samuels,RB,18.7,37,38.7,-1.336363636363643,-0.035766423357664424,291.0,229.0,230.0
CK-0250,Case,Keenum,Case Keenum,QB,75.71999999999998,37,29.760000000000005,7.509712620377535,0.20149639190594493,51.0,229.0,257.0
DW-0675,Darren,Waller,Darren Waller,TE,61.2,36,69.9,-33.080837899446486,-0.8984679718974153,86.0,231.0,133.0
DG-1287,Dallas,Goedert,Dallas Goedert,TE,26.0,36,60.7,-24.43913043478262,-0.6739808153477223,244.0,231.0,160.0
RP-0550,Rashaad,Penny,Rashaad Penny,RB,19.200000000000006,35,50.1,-15.056521739130433,-0.4296526054590569,286.0,233.0,191.0
BP-1200,Bilal,Powell,Bilal Powell,RB,1.2,35,25.0,10.57971799373626,0.2973524971614109,477.0,233.0,287.0
MG-1050,Marquise,Goodwin,Marquise Goodwin,WR,25.6,35,0.5,34.82100339531899,0.9858441167595408,247.0,233.0,532.0
TB-2650,Teddy,Bridgewater,Teddy Bridgewater,QB,90.7,35,-0.2399999999999999,35.76951800614596,1.0067549466885108,34.0,233.0,643.0
CC-3950,Chris,Conley,Chris Conley,WR,40.6,35,74.9,-39.88647145330907,-1.1391731456062766,170.0,233.0,117.0
FM-0675,Foster,Moreau,Foster Moreau,TE,24.1,35,23.3,12.557142857142859,0.35019920318725106,256.0,233.0,303.0
DK-0950,Dawson,Knox,Dawson Knox,TE,24.7,35,27.000000000000004,8.285714285714281,0.2348178137651821,253.0,233.0,276.0
CC-2350,Corey,Clement,Corey Clement,RB,-4.0,35,0.0,35.25641025641025,1.0,653.0,233.0,555.0
WG-0050,Wayne,Gallman,Wayne Gallman,RB,34.6,34,2.6,32.271794871794874,0.9254411764705882,206.0,241.0,480.0
RB-4670,Rex,Burkhead,Rex Burkhead,RB,28.9,34,45.2,-10.936499303579334,-0.3191880304490257,230.0,241.0,206.0
WD-0550,Will,Dissly,Will Dissly,TE,50.89999999999999,34,0.0,34.13043478260869,1.0,128.0,241.0,555.0
RF-1075,Robert,Foster,Robert Foster,WR,0.0,34,9.3,25.29090909090909,0.7311432325886991,509.0,241.0,396.0
JA-0275,Josh,Adams,Josh Adams,RB,0.0,34,1.2,32.845454545454544,0.9647530040053404,509.0,241.0,504.0
WS-0650,Wendell,Smallwood,Wendell Smallwood,RB,9.9,33,4.6,28.43636363636363,0.860759493670886,357.0,246.0,452.0
MS-0200,Matt,Schaub,Matt Schaub,QB,6.5,33,26.399999999999995,6.62164597392083,0.2005244069041968,396.0,246.0,280.0
NM-0687,Nick,Mullens,Nick Mullens,QB,0.0,33,-0.3,34.11052631578947,1.0088729763387296,509.0,246.0,644.0
WS-0925,Willie,Snead,Willie Snead,WR,36.5,33,29.6,4.2271920442581274,0.1249643197912331,191.0,246.0,260.0
GE-0400,Gerald,Everett,Gerald Everett,TE,40.2,33,12.6,21.117948717948714,0.6263117870722432,173.0,246.0,373.0
TG-0900,Ted,Ginn,Ted Ginn,WR,32.7,33,23.200000000000006,10.51729625761508,0.3119258488954237,216.0,246.0,304.0
CH-2950,Chris,Herndon,Chris Herndon,TE,0.0,33,0.7,33.02727272727273,0.9792452830188678,509.0,246.0,524.0
GB-0350,Giovani,Bernard,Giovani Bernard,RB,16.1,32,22.299999999999994,10.137044739723212,0.3125144359192851,311.0,253.0,310.0
MB-3325,Miles,Boykin,Miles Boykin,WR,25.1,32,12.7,19.57142857142857,0.6064630367419211,250.0,253.0,369.0
CC-2100,Charles,Clay,Charles Clay,TE,7.0,32,22.700000000000006,9.986105924844745,0.30551531429916506,387.0,253.0,305.0
DL-1700,Dion,Lewis,Dion Lewis,RB,11.8,32,29.5,2.6421450823545385,0.08220189024674114,344.0,253.0,263.0
JR-3280,John,Ross,John Ross,WR,52.8,29,18.2,11.517948717948716,0.3875754961173425,115.0,257.0,337.0
KB-1625,Kendrick,Bourne,Kendrick Bourne,WR,13.9,29,53.90000000000001,-24.34736842105263,-0.8238646482635794,329.0,257.0,183.0
BH-1900,Brian,Hoyer,Brian Hoyer,QB,0.0,29,21.08,8.129042233228677,0.2783056756301632,509.0,257.0,320.0
TY-0150,T.J.,Yeldon,T.J. Yeldon,RB,12.5,29,4.2,25.342193925380712,0.8578304640945561,338.0,257.0,456.0
SR-0750,Seth,Roberts,Seth Roberts,WR,11.500000000000002,29,27.6,1.8441199243068669,0.06263117828101558,346.0,257.0,272.0
JJ-0725,Jesse,James,Jesse James,TE,6.1,28,8.100000000000001,20.771756494045263,0.719449005408777,398.0,262.0,406.0
TE-0300,Tyler,Eifert,Tyler Eifert,TE,17.8,28,45.79999999999999,-17.605838778614988,-0.6244498157037255,298.0,262.0,205.0
JW-6560,Jarius,Wright,Jarius Wright,WR,13.8,28,15.1,13.323809772729875,0.4687552400351654,330.0,262.0,351.0
JW-4975,Jeff,Wilson,Jeff Wilson,RB,31.200000000000006,28,12.7,16.20909090909091,0.5606918238993711,223.0,262.0,369.0
DW-1350,DeAndre,Washington,DeAndre Washington,RB,22.8,28,63.10000000000001,-34.87777777777778,-1.2358267716535432,268.0,262.0,151.0
RJ-2250,Ronald,Jones,Ronald Jones,RB,49.1,28,86.19999999999997,-57.65454545454544,-2.0197452229299357,132.0,262.0,84.0
CP-0750,Cordarrelle,Patterson,Cordarrelle Patterson,WR,16.6,27,8.0,19.971600326895715,0.7139956274754967,307.0,268.0,408.0
RS-0687,Ricky,Seals-Jones,Ricky Seals-Jones,TE,26.3,27,18.6,8.952631578947368,0.3249283667621776,242.0,268.0,334.0
JW-3325,Jordan,Wilkins,Jordan Wilkins,RB,15.5,27,31.5,-4.40909090909091,-0.16275167785234906,316.0,268.0,252.0
VM-0250,Vance,McDonald,Vance McDonald,TE,24.7,26,20.8,5.67262420654297,0.2142826552548925,253.0,271.0,321.0
JJ-0575,Justin,Jackson,Justin Jackson,RB,15.5,26,6.699999999999998,20.082608695652176,0.7498376623376624,316.0,271.0,425.0
MB-4600,Matt,Bryant,Matt Bryant,K,45.0,26,0.0,26.30006939917803,1.0,151.0,271.0,555.0
CR-1525,Chester,Rogers,Chester Rogers,WR,15.6,26,14.099999999999998,12.603703703703706,0.47198335644937606,314.0,271.0,360.0
KC-2375,Keke,Coutee,Keke Coutee,WR,22.8,25,8.0,17.000000000000004,0.68,268.0,275.0,408.0
JA-0462,Jordan,Akins,Jordan Akins,TE,35.30000000000001,25,20.5,4.630434782608695,0.1842560553633218,202.0,275.0,323.0
RH-1950,Rashard,Higgins,Rashard Higgins,WR,4.6,25,6.9,18.118518518518513,0.7242042931162102,410.0,275.0,421.0
SS-1537,Steven,Sims Jr.,Steven Sims Jr.,WR,19.5,25,58.0,-32.92857142857143,-1.3133903133903135,281.0,275.0,168.0
MR-2350,Mason,Rudolph,Mason Rudolph,QB,53.74,24,58.16,-33.73272727272727,-1.380945292147376,110.0,279.0,166.0
NF-0175,Noah,Fant,Noah Fant,TE,19.4,24,53.6,-28.657142857142855,-1.1489117983963342,283.0,279.0,184.0
OJ-0050,Olabisi,Johnson,Olabisi Johnson,WR,19.4,24,28.6,-3.6571428571428575,-0.14662084765177552,283.0,279.0,268.0
RG-1870,Ryan,Griffin,Ryan Griffin,TE,10.6,23,53.39999999999999,-30.217169360816477,-1.3034288103603513,353.0,282.0,185.0
DM-3050,David,Moore,David Moore,WR,15.8,23,28.8,-5.517948717948716,-0.2370044052863435,313.0,282.0,265.0
KF-0250,Kai,Forbath,Kai Forbath,K,53.0,23,0.0,23.28271293640137,1.0,114.0,282.0,555.0
TS-1262,Tajae,Sharpe,Tajae Sharpe,WR,18.5,23,38.39999999999999,-15.127272727272718,-0.6499999999999996,293.0,282.0,231.0
GA-0250,Geronimo,Allison,Geronimo Allison,WR,28.4,23,13.0,10.309090909090912,0.4422776911076444,232.0,282.0,368.0
JR-1950,Josh,Reynolds,Josh Reynolds,WR,3.4000000000000004,23,37.5,-14.217948717948715,-0.6106828193832597,428.0,282.0,233.0
SP-0825,Samaje,Perine,Samaje Perine,RB,0.0,23,1.6,22.136842105263163,0.9325942350332592,509.0,282.0,493.0
DR-2225,Demarcus,Robinson,Demarcus Robinson,WR,51.2,23,19.700000000000006,3.4272727272727224,0.14819182389937088,124.0,282.0,325.0
JS-4550,Jonnu,Smith,Jonnu Smith,TE,17.1,23,54.6,-31.36923076923076,-1.350331125827814,301.0,282.0,181.0
KB-0150,Kalen,Ballage,Kalen Ballage,RB,19.2,23,18.6,4.9909090909090965,0.21156069364161864,287.0,282.0,334.0
TJ-2275,Ty,Johnson,Ty Johnson,RB,11.799999999999995,22,24.4,-2.114285714285717,-0.09487179487179503,345.0,292.0,294.0
KJ-0537,KeeSean,Johnson,KeeSean Johnson,WR,17.400000000000002,22,7.6,14.771428571428578,0.6602809706257983,299.0,292.0,412.0
CA-0750,C.J.,Anderson,C.J. Anderson,RB,4.3,22,0.0,22.495329737663273,1.0,414.0,292.0,555.0
TT-0150,Taywan,Taylor,Taywan Taylor,WR,0.0,22,0.0,22.63157894736842,1.0,509.0,292.0,555.0
BW-0700,Benjamin,Watson,Benjamin Watson,TE,1.8,22,15.500000000000002,6.7245613515377,0.3025734116940145,461.0,292.0,350.0
JM-4162,Jakobi,Meyers,Jakobi Meyers,WR,16.7,21,19.2,2.271428571428572,0.10578842315369263,304.0,297.0,331.0
JB-6750,Jaron,Brown,Jaron Brown,WR,30.5,21,1.5,19.52102165222168,0.9286428592855064,226.0,297.0,497.0
YK-0100,Younghoe,Koo,Younghoe Koo,K,75.0,21,18.0,3.794871794871792,0.17411764705882346,53.0,297.0,338.0
AB-3500,Antonio,Brown,Antonio Brown,WR,12.1,21,0.0,21.339986801147454,1.0,341.0,297.0,555.0
ZP-0050,Zach,Pascal,Zach Pascal,WR,43.1,21,51.2,-29.384210526315783,-1.34692400482509,162.0,297.0,188.0
JA-0450,Jay,Ajayi,Jay Ajayi,RB,0.0,20,3.0,17.169662904739386,0.8512617680241412,509.0,302.0,472.0
TM-3150,Ty,Montgomery,Ty Montgomery,RB,7.2,20,12.1,8.704350450634951,0.4183908779699149,383.0,302.0,378.0
TH-1550,Tyler,Higbee,Tyler Higbee,TE,22.2,20,69.2,-48.58181818181818,-2.35626102292769,270.0,302.0,135.0
DH-1050,DaeSean,Hamilton,DaeSean Hamilton,WR,10.6,20,25.1,-4.7086956521739145,-0.2309168443496803,353.0,302.0,286.0
IT-0150,Ian,Thomas,Ian Thomas,TE,0.0,20,19.6,0.9909090909090884,0.048123620309050666,509.0,302.0,326.0
DF-0550,Darren,Fells,Darren Fells,TE,36.6,20,39.50000000000001,-19.192011928558358,-0.9450474296637664,189.0,302.0,227.0
BB-2250,Brandon,Bolden,Brandon Bolden,RB,33.8,19,8.1,11.452963235974314,0.5857405395670514,211.0,308.0,407.0
CS-0250,Cairo,Santos,Cairo Santos,K,23.0,19,0.0,19.687711179256446,1.0,264.0,308.0,555.0
LK-0200,Lance,Kendricks,Lance Kendricks,TE,5.0,19,0.0,19.745828878879546,1.0,407.0,308.0,555.0
JT-1775,Jordan,Thomas,Jordan Thomas,TE,0.0,19,0.8,18.98260869565217,0.9595604395604396,509.0,308.0,520.0
IS-0275,Irv,Smith Jr.,Irv Smith Jr.,TE,15.3,19,27.800000000000004,-8.12857142857143,-0.4132171387073348,320.0,308.0,271.0
DW-3243,Darrel,Williams,Darrel Williams,RB,32.3,19,20.5,-0.7608695652173907,-0.038546255506607896,217.0,308.0,323.0
EP-0512,Eddy,Pineiro,Eddy Pineiro,K,43.0,19,55.0,-35.45454545454545,-1.8139534883720931,163.0,308.0,177.0
RM-5050,Raheem,Mostert,Raheem Mostert,RB,35.7,18,121.5,-103.38415997326376,-5.706837763012054,199.0,315.0,39.0
BJ-0950,Blake,Jarwin,Blake Jarwin,TE,24.00000000000001,18,32.5,-13.85897435897436,-0.7434662998624486,259.0,315.0,245.0
RJ-0450,Richie,James,Richie James,WR,16.8,18,5.6000000000000005,12.490909090909092,0.6904522613065326,303.0,315.0,440.0
BS-2950,Benny,Snell Jr.,Benny Snell Jr.,RB,11.9,18,43.0,-24.142857142857146,-1.2803030303030305,342.0,315.0,214.0
DH-3450,Devlin,Hodges,Devlin Hodges,QB,12.8,18,39.52000000000001,-21.23428571428572,-1.1612500000000003,335.0,315.0,226.0
ML-1500,Marcedes,Lewis,Marcedes Lewis,TE,11.9,18,9.699999999999998,8.373137664794923,0.463291865535067,342.0,315.0,390.0
JH-1350,Justin,Hardy,Justin Hardy,WR,7.1,18,12.4,6.140202105045318,0.3311831268211684,385.0,315.0,375.0
JW-0934,James,Washington,James Washington,WR,14.0,18,77.5,-58.54545454545455,-3.088729016786571,328.0,315.0,106.0
CP-0575,Cody,Parkey,Cody Parkey,K,18.0,18,0.0,18.620432317256924,1.0,296.0,315.0,555.0
HH-0350,Hayden,Hurst,Hayden Hurst,TE,20.1,18,28.8,-10.365217391304343,-0.5622641509433961,280.0,315.0,265.0
JA-1025,Javorius,Allen,Javorius Allen,RB,0.0,18,10.500000000000002,8.140987122058872,0.43672510842653867,509.0,315.0,387.0
AM-2850,Alfred,Morris,Alfred Morris,RB,0.0,17,0.4,16.79913663864136,0.9767430186523829,509.0,326.0,536.0
AA-0025,Ameer,Abdullah,Ameer Abdullah,RB,4.8,17,19.500000000000004,-1.6774182409048173,-0.09411757867508733,408.0,326.0,328.0
JG-2950,Jakeem,Grant,Jakeem Grant,WR,3.0000000000000004,17,23.9,-6.140740740740738,-0.34577685088633986,432.0,326.0,298.0
AT-0247,Auden,Tate,Auden Tate,WR,36.6,17,24.9,-7.465217391304346,-0.4281795511221944,189.0,326.0,288.0
JM-2900,Josh,McCown,Josh McCown,QB,0.76,17,0.0,17.043215274810795,1.0,490.0,326.0,555.0
LW-1450,Luke,Willson,Luke Willson,TE,5.2,16,2.7,13.774907016754153,0.8361144012980325,402.0,331.0,476.0
PR-0150,Paul,Richardson,Paul Richardson,WR,28.3,16,8.2,8.773396837711335,0.5168910455341905,234.0,331.0,405.0
RA-1337,Ryquell,Armstead,Ryquell Armstead,RB,12.6,16,24.6,-8.399999999999999,-0.5185185185185185,337.0,331.0,292.0
TB-3950,Trey,Burton,Trey Burton,TE,6.799999999999999,16,1.6,14.412659144401553,0.9000790571028047,392.0,331.0,493.0
CU-0150,C.J.,Uzomah,C.J. Uzomah,TE,10.8,16,25.4,-9.194939482212064,-0.5674116102262613,352.0,331.0,285.0
CM-2675,Chris,Moore,Chris Moore,WR,2.1,15,0.0,15.236363636363635,1.0,455.0,336.0,555.0
SD-0534,Seth,DeValve,Seth DeValve,TE,1.6,15,12.4,2.7272727272727253,0.1802884615384614,465.0,336.0,375.0
JH-4070,Josh,Hill,Josh Hill,TE,18.1,15,22.5,-7.2497029483318345,-0.4753810974153333,295.0,336.0,306.0
JD-2850,Jeff,Driskel,Jeff Driskel,QB,0.0,15,58.1,-42.33703703703704,-2.6858552631578947,509.0,336.0,167.0
JM-1550,Jordan,Matthews,Jordan Matthews,WR,0.0,15,3.3000000000000003,12.225849348306653,0.7874512417344872,509.0,336.0,468.0
JM-3475,J.D.,McKissic,J.D. McKissic,WR,18.2,15,31.599999999999994,-16.02592592592592,-1.0290130796670631,294.0,336.0,251.0
TS-1425,Trent,Sherfield,Trent Sherfield,WR,8.0,15,0.0,15.217391304347828,1.0,378.0,336.0,555.0
BF-0950,Bennie,Fowler,Bennie Fowler,WR,15.4,15,7.9,7.6142104029655435,0.4907894249977482,319.0,336.0,410.0
MG-0325,Mike,Gesicki,Mike Gesicki,TE,14.3,14,70.70000000000002,-55.92727272727274,-3.7858461538461534,327.0,344.0,132.0
TH-1625,Taysom,Hill,Taysom Hill,QB,24.22,14,60.98,-46.93384615384615,-3.341401971522453,255.0,344.0,158.0
LT-0550,Levine,Toilolo,Levine Toilolo,TE,0.8,14,0.2,14.723466682434086,0.9865982881688332,488.0,344.0,550.0
TC-0325,Trenton,Cannon,Trenton Cannon,RB,0.0,14,0.0,14.40909090909091,1.0,509.0,344.0,555.0
GC-0350,Garrett,Celek,Garrett Celek,TE,0.0,14,0.0,14.831859764456748,1.0,509.0,344.0,555.0
NB-0450,Nick,Boyle,Nick Boyle,TE,14.500000000000002,14,29.6,-15.538603493571278,-1.1050540738586812,326.0,344.0,260.0
TQ-0100,Trey,Quinn,Trey Quinn,WR,20.2,14,5.3,9.35217391304348,0.6382789317507418,279.0,344.0,444.0
AE-1037,Alex,Erickson,Alex Erickson,WR,24.1,13,29.140000000000004,-16.10363636363637,-1.235285913528592,256.0,351.0,264.0
RE-0400,Rhett,Ellison,Rhett Ellison,TE,16.9,13,5.8,7.364835616946219,0.5594324024423029,302.0,351.0,436.0
DJ-0887,D'Ernest,Johnson,D'Ernest Johnson,RB,9.2,13,0.0,13.142857142857142,1.0,368.0,351.0,555.0
PP-0350,Paul,Perkins,Paul Perkins,RB,0.0,13,3.8,10.162962962962963,0.7278514588859417,509.0,351.0,459.0
MD-0150,Mike,Davis,Mike Davis,RB,3.9,13,1.0,12.19339895248413,0.9242045204877464,420.0,351.0,511.0
CP-2550,C.J.,Prosise,C.J. Prosise,RB,14.7,13,4.1,9.281818181818183,0.6936141304347827,325.0,351.0,457.0
AS-0775,Adam,Shaheen,Adam Shaheen,TE,9.4,13,0.0,13.921052631578947,1.0,365.0,351.0,555.0
NV-0050,Nick,Vannett,Nick Vannett,TE,7.1,13,9.5,4.129629629629632,0.3029891304347827,385.0,351.0,392.0
IM-0125,Isaiah,McKenzie,Isaiah McKenzie,WR,18.6,13,17.7,-3.910526315789472,-0.28358778625954184,292.0,351.0,341.0
DH-3137,Dontrell,Hilliard,Dontrell Hilliard,RB,20.9,13,5.2,8.163636363636364,0.6108843537414966,274.0,351.0,445.0
MW-0650,Mark,Walton,Mark Walton,RB,19.5,12,7.5,4.772727272727275,0.38888888888888895,281.0,361.0,414.0
TJ-2350,T.J.,Jones,T.J. Jones,WR,9.8,12,0.0,12.56314043998719,1.0,358.0,361.0,555.0
JH-4085,Justice,Hill,Justice Hill,RB,9.7,12,31.8,-19.328571428571426,-1.5498281786941581,359.0,361.0,249.0
JH-3625,Jeff,Heuerman,Jeff Heuerman,TE,6.699999999999998,12,10.7,1.494994992017748,0.1225908655966074,394.0,361.0,385.0
RS-3525,Ryan,Switzer,Ryan Switzer,WR,2.7,11,0.0,11.76315789473684,1.0,439.0,365.0,555.0
MH-3050,Mack,Hollins,Mack Hollins,WR,12.5,11,0.0,11.342105263157894,1.0,338.0,365.0,555.0
DR-0550,Damion,Ratley,Damion Ratley,WR,10.3,11,17.7,-6.472727272727271,-0.5765182186234815,355.0,365.0,341.0
MA-1287,Marcell,Ateman,Marcell Ateman,WR,3.6,11,6.0,5.363636363636365,0.4720000000000001,426.0,365.0,431.0
DW-1550,Dwayne,Washington,Dwayne Washington,RB,0.6,11,6.0,5.000000000000004,0.4545454545454547,493.0,365.0,431.0
KD-1456,Keelan,Doss,Keelan Doss,WR,7.9,11,5.4,5.885714285714284,0.521518987341772,380.0,365.0,442.0
MN-0800,Mike,Nugent,Mike Nugent,K,30.0,11,0.0,11.166183710098267,1.0,228.0,365.0,555.0
ZZ-0100,Zach,Zenner,Zach Zenner,RB,2.0,11,-0.3,11.529800713062285,1.0267146325803491,457.0,365.0,644.0
DH-2325,Darrell,Henderson,Darrell Henderson,RB,8.7,11,9.7,1.4857142857142842,0.13282247765006372,369.0,365.0,389.0
SW-0350,Spencer,Ware,Spencer Ware,RB,0.0,11,7.300000000000002,3.751261281967162,0.33944191402733936,509.0,365.0,416.0
JB-2950,Josh,Bellamy,Josh Bellamy,WR,2.0,11,0.0,11.125042739510537,1.0,457.0,365.0,555.0
SF-0050,Sam,Ficken,Sam Ficken,K,25.0,10,63.0,-52.81481481481482,-5.185454545454544,252.0,376.0,152.0
LT-0862,Laquon,Treadwell,Laquon Treadwell,WR,1.5,10,24.9,-14.136363636363633,-1.3133445945945939,467.0,376.0,288.0
VS-0175,Vyncint,Smith,Vyncint Smith,WR,8.4,10,17.7,-7.018181818181818,-0.6570212765957446,373.0,376.0,341.0
NO-0150,Nick,O'Leary,Nick O'Leary,TE,3.7,10,13.2,-2.5373063236474973,-0.2379611006995992,425.0,376.0,365.0
DW-3987,Damion,Willis,Damion Willis,WR,8.2,10,0.0,10.542857142857141,1.0,375.0,376.0,555.0
DH-1450,Demetrius,Harris,Demetrius Harris,TE,8.600000000000001,10,26.300000000000004,-15.482498022913935,-1.4312452223913983,371.0,376.0,281.0
MW-2450,Maxx,Williams,Maxx Williams,TE,16.3,10,9.9,0.4974195420742049,0.047840672395813855,310.0,376.0,388.0
MH-0225,Marvin,Hall,Marvin Hall,WR,15.2,9,19.6,-9.951851851851849,-1.0314779270633394,321.0,383.0,326.0
RG-1650,Ryan,Grant,Ryan Grant,WR,1.4,9,0.0,9.962373304367064,1.0,469.0,383.0,555.0
BP-1375,Byron,Pringle,Byron Pringle,WR,20.7,9,2.3,6.7,0.7444444444444445,276.0,383.0,485.0
TP-0675,Tim,Patrick,Tim Patrick,WR,0.0,9,21.8,-12.26153846153846,-1.2854838709677416,509.0,383.0,314.0
ML-2500,Marshawn,Lynch,Marshawn Lynch,RB,0.0,9,9.4,0.4201017498970021,0.04277977566794645,509.0,383.0,394.0
AF-0550,Anthony,Firkser,Anthony Firkser,TE,5.2,8,21.2,-12.558974358974352,-1.4534124629080112,402.0,388.0,318.0
JH-5125,Johnny,Holton,Johnny Holton,WR,1.3,8,1.7,6.966666666666664,0.8038461538461538,473.0,388.0,492.0
SM-2653,Scott,Miller,Scott Miller,WR,5.7,8,21.9,-13.757142857142856,-1.6894736842105262,399.0,388.0,312.0
CC-4450,Cody,Core,Cody Core,WR,2.8,8,0.0,8.509090909090908,1.0,437.0,388.0,555.0
JO-0550,Jamize,Olawale,Jamize Olawale,RB,0.0,8,0.0,8.199302887916568,1.0,509.0,388.0,555.0
AJ-0375,Andy,Janovich,Andy Janovich,RB,3.0,8,7.300000000000002,0.8999999999999986,0.10975609756097544,433.0,388.0,416.0
MA-0487,Mo,Alie-Cox,Mo Alie-Cox,TE,3.8,7,5.5,2.157894736842106,0.2817869415807561,421.0,394.0,441.0
JW-5475,Javon,Wims,Javon Wims,WR,13.0,7,11.599999999999998,-4.2363636363636346,-0.5753086419753084,334.0,394.0,382.0
JS-5475,Jeremy,Sprinkle,Jeremy Sprinkle,TE,11.2,7,18.9,-11.566666666666665,-1.5772727272727274,348.0,394.0,332.0
EP-0350,Elijhaa,Penny,Elijhaa Penny,RB,4.5,7,0.3,7.00909090909091,0.9589552238805972,412.0,394.0,545.0
RI-0500,Ryan,Izzo,Ryan Izzo,TE,17.400000000000002,7,0.0,7.565217391304349,1.0,299.0,394.0,555.0
CW-2450,Chad,Williams,Chad Williams,WR,0.0,7,0.0,7.999999999999999,1.0,509.0,394.0,555.0
RB-2350,Reggie,Bonnafon,Reggie Bonnafon,RB,16.5,7,8.8,-1.3000000000000007,-0.17333333333333342,309.0,394.0,401.0
AL-0387,Allen,Lazard,Allen Lazard,WR,16.7,7,51.1,-43.53478260869565,-5.754597701149424,304.0,394.0,189.0
KH-0525,Kelvin,Harmon,Kelvin Harmon,WR,5.7,7,31.24,-23.91142857142857,-3.262768031189084,399.0,394.0,255.0
TD-0737,Trevor,Davis,Trevor Davis,WR,23.0,6,-0.6000000000000001,7.581481481481483,1.0859416445623342,264.0,403.0,648.0
JH-4250,Jonathan,Hilliman,Jonathan Hilliman,RB,5.199999999999998,6,0.0,6.685714285714285,1.0,405.0,403.0,555.0
DB-6375,Damiere,Byrd,Damiere Byrd,WR,16.0,6,23.9,-17.125352112676055,-2.5278586278586284,312.0,403.0,298.0
GS-1400,Geoff,Swaim,Geoff Swaim,TE,6.5,6,0.0,6.492957746478874,1.0,396.0,403.0,555.0
TT-0500,Tyrod,Taylor,Tyrod Taylor,QB,0.18000000000000002,6,5.84,1.1554026269912685,0.16516599381045327,506.0,403.0,435.0
BH-1225,Brian,Hill,Brian Hill,RB,2.5,6,54.70000000000001,-48.443589743589754,-7.743032786885247,442.0,403.0,180.0
LS-1550,Lee,Smith,Lee Smith,TE,8.5,6,0.6,5.405137777328492,0.9000855563605533,372.0,403.0,528.0
DB-5912,Deontay,Burnett,Deontay Burnett,WR,0.0,6,4.8,1.4173913043478272,0.2279720279720281,509.0,403.0,451.0
DH-1487,Deonte,Harris,Deonte Harris,WR,4.3,5,5.2,0.3285714285714274,0.05943152454780343,414.0,411.0,445.0
TS-3656,Tommy,Sweeney,Tommy Sweeney,TE,3.8,5,7.6,-2.171428571428572,-0.4000000000000001,421.0,411.0,412.0
DS-3031,Devin,Smith,Devin Smith,WR,19.3,5,0.0,5.183098591549296,1.0,285.0,411.0,555.0
JM-5750,Jason,Moore,Jason Moore,WR,4.3,5,0.0,5.5285714285714285,1.0,414.0,411.0,555.0
PC-0625,Pharoh,Cooper,Pharoh Cooper,WR,8.0,5,22.5,-17.118181818181814,-3.1807432432432434,378.0,411.0,306.0
MT-2350,Malik,Turner,Malik Turner,WR,9.7,5,20.8,-15.71304347826087,-3.088888888888889,359.0,411.0,321.0
AC-0387,Austin,Carr,Austin Carr,WR,0.0,5,0.9,4.664102564102564,0.8382488479262672,509.0,411.0,515.0
DA-1650,Dan,Arnold,Dan Arnold,TE,0.0,5,24.7,-19.315384615384616,-3.5871428571428576,509.0,411.0,290.0
PR-0125,Patrick,Ricard,Patrick Ricard,RB,6.999999999999999,5,3.7,1.479487179487179,0.2856435643564355,390.0,411.0,461.0
RT-1250,Robert,Tonyan Jr.,Robert Tonyan Jr.,TE,6.6,5,9.4,-3.682051282051283,-0.6439461883408074,395.0,411.0,394.0
ML-0050,Matt,LaCosse,Matt LaCosse,TE,5.5,5,13.6,-8.149295774647888,-1.4950904392764854,401.0,411.0,363.0
DB-4387,Daniel,Brown,Daniel Brown,TE,0.0,5,13.2,-7.814285714285715,-1.4509283819628649,509.0,411.0,365.0
RG-1850,Robert,Griffin,Robert Griffin,QB,7.1000000000000005,5,9.0,-3.8786785340309136,-0.7573589277307686,384.0,411.0,400.0
BB-1550,Blake,Bell,Blake Bell,TE,0.7999999999999999,5,5.9,-0.4774647887323935,-0.0880519480519479,489.0,411.0,434.0
DC-0775,Derek,Carrier,Derek Carrier,TE,7.7,5,11.8,-5.964193361997602,-1.0219998248672535,381.0,411.0,380.0
LS-1900,Luke,Stocker,Luke Stocker,TE,1.6,5,3.7,2.269731479883194,0.3802066286451471,465.0,411.0,461.0
MG-0850,Mike,Glennon,Mike Glennon,QB,0.0,5,4.24,0.9494889008998886,0.1829638561776751,509.0,411.0,455.0
AS-0900,Anthony,Sherman,Anthony Sherman,RB,2.4,5,0.7,4.305953919887545,0.8601665114776516,445.0,411.0,524.0
PD-0700,Patrick,DiMarco,Patrick DiMarco,RB,4.4,5,0.4,4.956577211618417,0.9253254486591922,413.0,411.0,536.0
DS-0850,Dalton,Schultz,Dalton Schultz,TE,0.6,5,0.0,5.304347826086956,1.0,493.0,411.0,555.0
CH-0525,C.J.,Ham,C.J. Ham,RB,8.3,5,12.3,-6.536363636363637,-1.1340694006309149,374.0,411.0,377.0
AA-0557,Alex,Armah,Alex Armah,RB,7.5,5,0.2,5.457894736842105,0.9646511627906976,382.0,411.0,550.0
DT-0850,De'Anthony,Thomas,De'Anthony Thomas,WR,1.0,5,0.0,5.701001107692719,1.0,482.0,411.0,555.0
DJ-0850,Darius,Jennings,Darius Jennings,WR,1.7000000000000002,4,0.0,4.301408450704226,1.0,464.0,434.0,555.0
XG-0100,Xavier,Grimble,Xavier Grimble,TE,0.3,4,0.0,4.63953488372093,1.0,501.0,434.0,555.0
JM-4175,Jaydon,Mickens,Jaydon Mickens,WR,0.0,4,0.0,4.388888888888889,1.0,509.0,434.0,555.0
MB-0450,Matt,Barkley,Matt Barkley,QB,3.08,4,2.879999999999999,1.7039976137876494,0.3717274216422806,431.0,434.0,475.0
BW-2475,Bobo,Wilson,Bobo Wilson,WR,1.5,4,0.0,4.026315789473685,1.0,467.0,434.0,555.0
TL-1062,Ty,Long,Ty Long,K,34.0,4,0.0,4.788732394366197,1.0,208.0,434.0,555.0
CB-1152,Chad,Beebe,Chad Beebe,WR,7.0,4,0.0,4.739130434782608,1.0,387.0,434.0,555.0
JK-2250,Jake,Kumerow,Jake Kumerow,WR,15.2,4,12.7,-7.98169014084507,-1.6916417910447763,321.0,434.0,369.0
JK-0775,John,Kelly,John Kelly,RB,0.9,4,0.0,4.782608695652175,1.0,486.0,434.0,555.0
ZL-0200,Zach,Line,Zach Line,RB,1.8,4,3.8,0.9498645424842832,0.1999771854520052,461.0,434.0,459.0
DO-0025,Dare,Ogunbowale,Dare Ogunbowale,RB,18.9,4,21.399999999999995,-16.42631578947368,-3.302645502645502,289.0,434.0,317.0
CD-0300,Chase,Daniel,Chase Daniel,QB,25.64,4,0.36,4.081484897732727,0.9189460263202128,246.0,434.0,544.0
AI-0100,Andy,Isabella,Andy Isabella,WR,2.4000000000000004,3,26.000000000000004,-22.914285714285718,-7.425925925925926,444.0,446.0,283.0
JH-4850,Jacob,Hollister,Jacob Hollister,TE,2.0,3,50.89999999999999,-47.84871794871794,-15.681512605042016,457.0,446.0,190.0
JP-2075,Josh,Perkins,Josh Perkins,TE,0.0,3,14.7,-11.627272727272725,-3.784023668639052,509.0,446.0,356.0
BH-2300,Brett,Hundley,Brett Hundley,QB,0.0,3,6.06,-2.1224966955184867,-0.5390463274285369,509.0,446.0,430.0
TJ-2400,Taiwan,Jones,Taiwan Jones,RB,0.0,3,4.9,-1.4037037037037037,-0.4014830508474575,509.0,446.0,448.0
DW-1750,Derek,Watt,Derek Watt,RB,3.5,3,6.7,-3.1727272727272733,-0.8994845360824743,427.0,446.0,424.0
DF-1375,D.J.,Foster,D.J. Foster,RB,0.0,3,0.0,3.2363636363636363,1.0,509.0,446.0,555.0
BK-1050,Ben,Koyack,Ben Koyack,TE,0.0,3,0.9,3.029577464788732,0.7709677419354839,509.0,446.0,515.0
LT-0275,Logan,Thomas,Logan Thomas,TE,4.7,3,18.6,-14.653488372093024,-3.7130229817324687,409.0,446.0,334.0
JF-1250,Josh,Ferguson,Josh Ferguson,RB,0.0,3,0.9,2.318181818181819,0.7203389830508475,509.0,446.0,515.0
RG-0025,Russell,Gage,Russell Gage,WR,2.3,3,47.49999999999999,-43.76086956521737,-11.70348837209302,449.0,446.0,197.0
LF-0025,Luke,Falk,Luke Falk,QB,8.64,3,0.0,3.927272727272728,1.0,370.0,446.0,555.0
MB-2950,Mike,Boone,Mike Boone,RB,2.8,3,44.2,-40.89565217391304,-12.376315789473686,437.0,446.0,211.0
TE-0025,Trey,Edmunds,Trey Edmunds,RB,0.0,3,14.0,-10.631578947368421,-3.1562500000000004,509.0,446.0,361.0
MP-2350,MyCole,Pruitt,MyCole Pruitt,TE,0.0,3,15.0,-11.28169014084507,-3.0340909090909087,509.0,446.0,352.0
DS-0050,Drew,Sample,Drew Sample,TE,2.7,3,0.3,3.1714285714285717,0.9135802469135804,439.0,446.0,545.0
ET-0375,Eric,Tomlinson,Eric Tomlinson,TE,0.1,3,0.0,3.6285714285714286,1.0,508.0,446.0,555.0
DS-3137,Durham,Smythe,Durham Smythe,TE,2.4,3,4.1,-0.7363636363636359,-0.2189189189189188,445.0,446.0,457.0
TC-2375,Tyler,Conklin,Tyler Conklin,TE,0.0,3,5.8,-2.4521739130434783,-0.7324675324675325,509.0,446.0,436.0
MJ-1450,Marcus,Johnson,Marcus Johnson,WR,0.0,3,41.70000000000001,-37.903703703703705,-9.984390243902439,509.0,446.0,218.0
MT-0887,Mike,Thomas,Mike Thomas,WR,0.0,2,1.4,0.6000000000000001,0.30000000000000004,509.0,466.0,499.0
DC-0025,Deon,Cain,Deon Cain,WR,5.2,2,7.2,-4.836363636363637,-2.046153846153846,402.0,466.0,419.0
BS-1450,Boston,Scott,Boston Scott,RB,6.7,2,66.2,-63.28695652173914,-21.72537313432836,393.0,466.0,140.0
TP-1950,Troymaine,Pope,Troymaine Pope,RB,9.4,2,-2.0,4.6,1.769230769230769,365.0,466.0,651.0
DC-1050,DeAndre,Carter,DeAndre Carter,WR,-2.1,2,16.3,-13.73661971830986,-5.358791208791209,652.0,466.0,346.0
DV-0550,Dan,Vitale,Dan Vitale,RB,9.7,2,0.3,2.3363636363636364,0.8862068965517242,359.0,466.0,545.0
RN-1250,Roosevelt,Nix,Roosevelt Nix,RB,0.0,2,0.4,1.7976744186046507,0.8179894179894179,509.0,466.0,536.0
JW-4625,Jonathan,Williams,Jonathan Williams,RB,0.0,2,35.4,-33.27037037037037,-15.622608695652175,509.0,466.0,238.0
DW-2850,D'haquille,Williams,D'haquille Williams,WR,11.2,2,11.4,-9.325925925925926,-4.496428571428573,348.0,466.0,383.0
DT-1231,Darwin,Thompson,Darwin Thompson,RB,1.2000000000000002,1,21.9,-20.35714285714285,-13.19444444444444,476.0,475.0,312.0
TE-0350,Tyler,Ervin,Tyler Ervin,RB,0.0,1,2.1,-0.8999999999999999,-0.7499999999999998,509.0,475.0,486.0
CW-0225,Clive,Walford,Clive Walford,TE,0.0,1,5.7,-4.523531526327137,-3.845008708312378,509.0,475.0,438.0
TL-1037,T.J.,Logan,T.J. Logan,RB,0.0,1,2.3000000000000003,-1.273684210526316,-1.2410256410256408,509.0,475.0,484.0
JS-0825,Jordan,Scarlett,Jordan Scarlett,RB,0.0,1,0.9,0.3857142857142858,0.30000000000000004,509.0,475.0,515.0
MB-5175,Mike,Burton,Mike Burton,RB,0.0,1,0.0,1.7464788732394367,1.0,509.0,475.0,555.0
DG-3200,Derrius,Guice,Derrius Guice,RB,3.8,1,48.6,-46.94782608695653,-28.415789473684214,421.0,475.0,195.0
DH-1362,Damien,Harris,Damien Harris,RB,1.2,1,0.0,1.542857142857143,1.0,477.0,475.0,555.0
CW-3250,Cedrick,Wilson,Cedrick Wilson,WR,4.6,1,0.0,2.0,1.0,410.0,475.0,555.0
BZ-0100,Brandon,Zylstra,Brandon Zylstra,WR,0.0,1,10.6,-9.554545454545458,-9.13913043478261,509.0,475.0,386.0
CM-0175,Chris,Manhertz,Chris Manhertz,TE,0.0,1,1.1,0.7488372093023254,0.4050314465408804,509.0,475.0,507.0
SS-1525,Scott,Simonson,Scott Simonson,TE,0.0,1,1.1,0.693103448275862,0.3865384615384615,509.0,475.0,507.0
AB-1125,Andrew,Beck,Andrew Beck,RB,1.0,1,14.54,-13.254285714285714,-10.308888888888891,482.0,475.0,358.0
AM-1150,A.J.,McCarron,A.J. McCarron,QB,0.0,1,17.9,-16.14781873226166,-9.215838012641669,509.0,475.0,339.0
ES-0250,Eric,Saubert,Eric Saubert,TE,0.0,1,2.1,-0.8368421052631579,-0.6625000000000002,509.0,475.0,486.0
RT-1550,Ross,Travis,Ross Travis,TE,0.0,1,3.1,-1.8000000000000005,-1.384615384615385,509.0,475.0,470.0
GO-0150,Gunner,Olszewski,Gunner Olszewski,WR,1.4,1,0.0,1.7999999999999998,1.0,469.0,475.0,555.0
DY-0075,Deon,Yelder,Deon Yelder,TE,4.3,1,0.7,1.1695652173913045,0.6255813953488373,414.0,475.0,524.0
AA-0581,Antony,Auclair,Antony Auclair,TE,0.0,1,1.1,0.8210526315789473,0.42739726027397257,509.0,475.0,507.0
JA-1975,J.J.,Arcega-Whiteside,J.J. Arcega-Whiteside,WR,1.4,1,21.5,-19.7,-10.944444444444445,469.0,475.0,315.0
BB-2712,Ben,Braunecker,Ben Braunecker,TE,2.4,1,9.5,-7.518518518518517,-3.7943925233644857,445.0,475.0,392.0
NW-0325,Nsimba,Webster,Nsimba Webster,WR,0.0,0,0.0,0.0,,509.0,496.0,555.0
JJ-2518,Jakob,Johnson,Jakob Johnson,RB,0.5,0,0.0,0.0,,497.0,496.0,555.0
AD-1587,Ashton,Dulin,Ashton Dulin,WR,0.0,0,1.7000000000000002,-1.7000000000000002,-inf,509.0,496.0,491.0
OZ-0100,Olamide,Zaccheaus,Olamide Zaccheaus,WR,0.0,0,19.5,-19.5,-inf,509.0,496.0,329.0
PC-0050,Parris,Campbell,Parris Campbell,WR,10.9,0,9.2,-9.2,-inf,351.0,496.0,397.0
AH-3450,Alexander,Hollins,Alexander Hollins,WR,0.0,0,4.6,-4.6,-inf,509.0,496.0,452.0
KB-1225,Khari,Blasingame,Khari Blasingame,RB,0.0,0,5.4,-5.4,-inf,509.0,496.0,442.0
KW-0922,Kerrith,Whyte Jr.,Kerrith Whyte Jr.,RB,0.0,0,13.1,-13.1,-inf,509.0,496.0,367.0
MG-0293,Myles,Gaskin,Myles Gaskin,RB,0.0,0,24.4,-24.4,-inf,509.0,496.0,294.0
CT-1220,Chris,Thompson,Chris Thompson,RB,35.5,0,16.1,-16.1,,200.0,496.0,348.0
RR-0650,Riley,Ridley,Riley Ridley,WR,0.0,0,6.9,-6.9,-inf,509.0,496.0,421.0
KV-0250,Kaare,Vedvik,Kaare Vedvik,K,-1.0,0,0.0,-0.4545454545454546,1.0,648.0,496.0,555.0
JS-6325,Jace,Sternberger,Jace Sternberger,TE,0.0,0,0.0,0.0,,509.0,496.0,555.0
RG-1885,Ryan,Griffin,Ryan Griffin,QB,0.0,0,0.62,-0.62,,509.0,496.0,527.0
KS-1450,Keith,Smith,Keith Smith,RB,0.2,0,1.9,-1.0264367816091948,-1.1749999999999994,503.0,496.0,490.0
DW-3125,Damien,Williams,Damien Williams,RB,30.500000000000004,0,84.6,-84.6,,225.0,496.0,85.0
DS-2275,Darius,Slayton,Darius Slayton,WR,27.7,0,96.3,-96.3,-inf,237.0,496.0,61.0
CG-1015,Cullen,Gillaspia,Cullen Gillaspia,RB,0.0,0,0.0,0.0,,509.0,496.0,555.0
DS-1862,Darrius,Shepherd,Darrius Shepherd,WR,-1.9,0,0.0,0.0,,650.0,496.0,555.0
TF-1450,Travis,Fulgham,Travis Fulgham,WR,0.0,0,0.0,0.0,,509.0,496.0,555.0
KJ-1400,Kyle,Juszczyk,Kyle Juszczyk,RB,8.2,0,22.4,-22.4,,375.0,496.0,309.0
DS-0150,Deebo,Samuel,Deebo Samuel,WR,23.7,0,110.5,-110.5,-inf,262.0,496.0,45.0
KB-0350,Kenjon,Barner,Kenjon Barner,RB,0.4,0,8.72,-8.72,,499.0,496.0,402.0
DO-0600,Devine,Ozigbo,Devine Ozigbo,RB,0.0,0,5.0,-5.0,-inf,509.0,496.0,447.0
DS-2177,Devin,Singletary,Devin Singletary,RB,24.1,0,94.8,-94.8,-inf,256.0,496.0,65.0
SG-0800,Stephen,Gostkowski,Stephen Gostkowski,K,32.0,0,0.0,0.0,,218.0,496.0,555.0
SS-0650,Spencer,Schnell,Spencer Schnell,WR,0.0,0,0.0,0.0,,509.0,496.0,555.0
SM-3250,Stanley,Morgan Jr.,Stanley Morgan Jr.,WR,0.6,0,1.2,-0.4285714285714285,-0.5555555555555555,493.0,496.0,504.0
RS-3400,Ryan,Succop,Ryan Succop,K,27.0,0,0.0,0.0,,240.0,496.0,555.0
DW-3906,Dexter,Williams,Dexter Williams,RB,0.2,0,0.9,-0.6428571428571428,-2.5,503.0,496.0,515.0
GG-0310,Garrett,Gilbert,Garrett Gilbert,QB,0.0,0,-0.30000000000000004,0.486046511627907,2.6125000000000003,509.0,496.0,646.0
ZG-0012,Zach,Gentry,Zach Gentry,TE,0.0,0,0.4,-0.4,-inf,509.0,496.0,536.0
PL-0012,Patrick,Laird,Patrick Laird,RB,0.0,0,45.2,-45.2,-inf,509.0,496.0,206.0
AT-0160,Alex,Tanney,Alex Tanney,QB,0.0,0,0.04,0.62890756302521,0.9402010050251256,509.0,496.0,554.0
JW-5637,Juwann,Winfree,Juwann Winfree,WR,0.0,0,0.0,0.0,,509.0,496.0,555.0
SC-0175,Stephen,Carlson,Stephen Carlson,TE,0.0,0,11.099999999999998,-11.099999999999998,-inf,509.0,496.0,384.0
IN-0050,Isaac,Nauta,Isaac Nauta,TE,0.0,0,1.3,-1.3,-inf,509.0,496.0,502.0
BA-0375,Brandon,Allen,Brandon Allen,QB,0.0,0,33.5,-33.5,,509.0,496.0,244.0
JU-0400,John,Ursua,John Ursua,WR,0.0,0,1.1,-1.1,-inf,509.0,496.0,507.0
HH-0237,Hale,Hentges,Hale Hentges,TE,0.0,0,16.3,-16.3,-inf,509.0,496.0,346.0
JS-4212,Jeff,Smith,Jeff Smith,WR,0.0,0,1.2,-1.2,-inf,509.0,496.0,504.0
NF-0250,Nick,Foles,Nick Foles,QB,7.0,0,33.74,-33.74,,387.0,496.0,243.0
TS-1450,Trevor,Siemian,Trevor Siemian,QB,0.12,0,0.0,0.0,,507.0,496.0,555.0
KS-1375,Kaden,Smith,Kaden Smith,TE,0.0,0,44.8,-44.8,-inf,509.0,496.0,208.0
AI-0050,Alec,Ingold,Alec Ingold,RB,0.4,0,11.700000000000005,-10.842857142857143,-12.65,499.0,496.0,381.0
JO-0562,Josh,Oliver,Josh Oliver,TE,0.0,0,1.5,-1.5,-inf,509.0,496.0,497.0
JG-4200,Jalen,Guyton,Jalen Guyton,WR,0.0,0,0.0,0.0,,509.0,496.0,555.0
JH-5350,Jesper,Horsted,Jesper Horsted,TE,0.0,0,12.7,-12.7,-inf,509.0,496.0,369.0
CN-0500,Cam,Newton,Cam Newton,QB,16.68,0,0.0,0.0,,306.0,496.0,555.0
CM-1500,Colt,McCoy,Colt McCoy,QB,4.16,0,0.0,0.0,,419.0,496.0,555.0
LH-1950,Lil'Jordan,Humphrey,Lil'Jordan Humphrey,WR,0.0,0,0.0,0.0,,509.0,496.0,555.0
QO-0200,Qadree,Ollison,Qadree Ollison,RB,0.0,0,29.7,-29.7,-inf,509.0,496.0,258.0
IH-0200,Ishmael,Hyman,Ishmael Hyman,WR,0.0,0,3.4,-3.4,-inf,509.0,496.0,466.0
NH-0825,N'Keal,Harry,N'Keal Harry,WR,0.0,0,27.4,-27.4,-inf,509.0,496.0,274.0
MW-0350,Michael,Walker,Michael Walker,WR,0.0,0,-2.5,2.5,inf,509.0,496.0,653.0
DB-3800,Drew,Brees,Drew Brees,QB,20.32,0,207.44000000000003,-207.44000000000003,,277.0,496.0,4.0
TB-2775,Tony,Brooks-James,Tony Brooks-James,RB,0.0,0,2.7,-2.7,-inf,509.0,496.0,476.0
TH-2337,Travis,Homer,Travis Homer,RB,0.0,0,17.0,-17.0,-inf,509.0,496.0,344.0
JD-1650,James,Develin,James Develin,RB,0.3,0,0.0,0.0,,501.0,496.0,555.0
DS-3300,Darren,Sproles,Darren Sproles,RB,10.000000000000002,0,1.0,-1.0,,356.0,496.0,511.0
GD-0450,Greg,Dortch,Greg Dortch,WR,0.0,0,-2.0,2.0,inf,509.0,496.0,651.0
BR-1100,Ben,Roethlisberger,Ben Roethlisberger,QB,12.739999999999998,0,0.0,0.0,,336.0,496.0,555.0
SM-0425,Sean,Mannion,Sean Mannion,QB,-0.2,0,-1.26,1.9529577464788728,2.8182926829268293,645.0,496.0,650.0
WH-0762,Wes,Hills,Wes Hills,RB,0.0,0,14.2,-14.2,-inf,509.0,496.0,359.0
CJ-2075,Charles,Jones,Charles Jones,TE,0.0,0,0.5,-0.5,-inf,509.0,496.0,532.0
TB-2093,Tim,Boyle,Tim Boyle,QB,-0.3,0,0.2,-0.33043478260869563,2.533333333333333,646.0,496.0,550.0
NB-0200,Nick,Bellore,Nick Bellore,RB,2.0,0,6.3,-5.418518518518519,-6.147058823529411,457.0,496.0,428.0
TW-1325,Trevon,Wesco,Trevon Wesco,RB,0.0,0,4.9,-4.9,-inf,509.0,496.0,448.0
SW-0450,Sammy,Watkins,Sammy Watkins,WR,56.49999999999999,0,33.99999999999999,-33.99999999999999,,100.0,496.0,242.0
TM-2362,Trace,McSorley,Trace McSorley,QB,0.0,0,0.1,-0.1,-inf,509.0,496.0,553.0
AR-1100,Andre,Roberts,Andre Roberts,WR,1.2999999999999998,0,1.4,-1.4,,475.0,496.0,499.0
MS-2100,Matthew,Slater,Matthew Slater,WR,0.0,0,0.0,-0.016393442622950834,1.0,509.0,496.0,555.0
DJ-0200,DeSean,Jackson,DeSean Jackson,WR,31.4,0,0.5,-0.5,,222.0,496.0,532.0
TH-2875,Tanner,Hudson,Tanner Hudson,TE,0.0,0,2.6,-2.6,,509.0,496.0,480.0
TF-1500,Troy,Fumagalli,Troy Fumagalli,TE,0.7,0,9.1,-8.795652173913043,-28.9,491.0,496.0,398.0
RD-2300,Ross,Dwelley,Ross Dwelley,TE,-0.09999999999999998,0,21.2,-20.60909090909091,-34.876923076923084,644.0,496.0,318.0
KR-0312,Kalif,Raymond,Kalif Raymond,WR,0.0,0,22.5,-23.02727272727273,43.67241379310346,509.0,496.0,306.0
JG-2687,Jaeden,Graham,Jaeden Graham,TE,2.1,0,18.8,-17.886956521739126,-19.590476190476185,455.0,496.0,333.0
CH-3350,Chris,Hogan,Chris Hogan,WR,2.4,0,4.300000000000002,-4.300000000000002,,445.0,496.0,454.0
TS-3662,Tyrone,Swoopes,Tyrone Swoopes,TE,0.0,0,0.5,0.08974358974358976,0.15217391304347827,509.0,496.0,532.0
PB-0725,Pharaoh,Brown,Pharaoh Brown,TE,2.7,0,0.0,0.7105263157894737,1.0,439.0,496.0,555.0
JM-6775,Johnny,Mundt,Johnny Mundt,TE,0.0,0,2.6,-2.471794871794872,-19.28,509.0,496.0,480.0
TJ-2650,Tevin,Jones,Tevin Jones,WR,0.0,0,6.1,-6.1,,509.0,496.0,429.0
DD-0075,Darrell,Daniels,Darrell Daniels,TE,0.0,0,0.4,0.2666666666666665,0.3999999999999999,509.0,496.0,536.0
CC-0775,Cethan,Carter,Cethan Carter,TE,0.0,0,7.3,-7.3,,509.0,496.0,418.0
AP-0388,Andre,Patton,Andre Patton,WR,2.2,0,3.4000000000000004,-2.835897435897436,-5.0272727272727264,451.0,496.0,465.0
CB-1750,C.J.,Board,C.J. Board,WR,0.0,0,3.1,-3.1,,509.0,496.0,470.0
JV-0050,Jason,Vander Laan,Jason Vander Laan,TE,0.0,0,0.0,0.0,,509.0,496.0,555.0
SC-1850,Sean,Culkin,Sean Culkin,TE,1.2,0,0.0,0.923076923076923,1.0,477.0,496.0,555.0
CG-2162,Cyril,Grayson,Cyril Grayson,WR,0.0,0,0.3,-0.3,,509.0,496.0,545.0
DH-1800,Dwayne,Harris,Dwayne Harris,WR,0.7,0,0.0,0.0,,491.0,496.0,555.0
DI-0075,Dontrelle,Inman,Dontrelle Inman,WR,13.2,0,4.9,-4.9,,333.0,496.0,448.0
TG-0025,Taylor,Gabriel,Taylor Gabriel,WR,31.700000000000006,0,29.6,-29.6,,221.0,496.0,260.0
ML-0650,Marqise,Lee,Marqise Lee,WR,1.1,0,0.8,-0.8,,480.0,496.0,520.0
DS-3187,Diontae,Spencer,Diontae Spencer,WR,2.2,0,-0.5000000000000002,0.7528735632183909,2.977272727272728,451.0,496.0,647.0
DA-0212,Davante,Adams,Davante Adams,WR,37.8,0,91.9,-91.9,,183.0,496.0,74.0
BP-0450,Breshad,Perriman,Breshad Perriman,WR,2.9,0,99.2,-99.2,,436.0,496.0,52.0
CL-0275,Cody,Latimer,Cody Latimer,WR,13.7,0,28.3,-28.3,,331.0,496.0,270.0
AW-1650,Albert,Wilson,Albert Wilson,WR,5.1,0,41.30000000000001,-41.30000000000001,,406.0,496.0,219.0
DF-2200,Devin,Funchess,Devin Funchess,WR,3.2,0,0.0,0.0,,429.0,496.0,555.0
TW-2875,Tyrell,Williams,Tyrell Williams,WR,45.6,0,59.5,-59.5,,149.0,496.0,162.0
AH-3900,Allen,Hurns,Allen Hurns,WR,11.0,0,40.6,-40.6,,350.0,496.0,221.0
DW-2350,DeAndrew,White,DeAndrew White,WR,0.0,0,2.0,-1.4,-2.333333333333333,509.0,496.0,489.0
GD-0050,Geremy,Davis,Geremy Davis,WR,3.8,0,0.0,0.8309859154929576,1.0,421.0,496.0,555.0
RS-0975,Russell,Shepard,Russell Shepard,WR,2.5,0,0.0,0.0,,442.0,496.0,555.0
AT-0350,Adam,Thielen,Adam Thielen,WR,81.2,0,3.2,-3.2,,43.0,496.0,469.0
JN-0625,J.J.,Nelson,J.J. Nelson,WR,9.6,0,0.0,0.0,,363.0,496.0,555.0
TB-1060,Travis,Benjamin,Travis Benjamin,WR,3.0,0,0.0,0.0,,433.0,496.0,555.0
PD-0800,Phillip,Dorsett,Phillip Dorsett,WR,52.4,0,21.4,-21.4,,117.0,496.0,316.0
JG-2450,Josh,Gordon,Josh Gordon,WR,34.800000000000004,0,11.9,-11.9,,205.0,496.0,379.0
TA-1050,Tavon,Austin,Tavon Austin,WR,18.700000000000006,0,17.700000000000006,-17.700000000000006,,290.0,496.0,340.0
WG-0750,Will,Grier,Will Grier,QB,0.0,0,1.3200000000000005,-1.3200000000000005,-inf,509.0,496.0,501.0
CH-3775,Cody,Hollister,Cody Hollister,WR,0.0,0,1.3,-1.3,,509.0,496.0,502.0
TK-0850,Tyler,Kroft,Tyler Kroft,TE,0.0,0,12.6,-12.6,,509.0,496.0,373.0
DD-0681,Dalyn,Dawkins,Dalyn Dawkins,RB,0.2,0,2.4,-2.313043478260869,-26.6,503.0,496.0,483.0
DS-0875,Da'Mari,Scott,Da'Mari Scott,WR,0.0,0,2.7,-2.7,,509.0,496.0,476.0
JS-1350,Jaleel,Scott,Jaleel Scott,WR,0.0,0,0.6,-0.6,,509.0,496.0,528.0
BS-0825,Bo,Scarbrough,Bo Scarbrough,RB,0.0,0,42.2,-42.2,,509.0,496.0,216.0
JW-1050,Justin,Watson,Justin Watson,WR,1.3,0,26.6,-25.78181818181818,-31.511111111111113,473.0,496.0,277.0
KH-2025,Khadarel,Hodge,Khadarel Hodge,WR,0.0,0,5.699999999999998,-4.927272727272726,-6.376470588235294,509.0,496.0,439.0
RO-0550,Ricky,Ortiz,Ricky Ortiz,RB,0.0,0,0.8,-0.5179487179487179,-1.836363636363636,509.0,496.0,520.0
QE-0100,Quincy,Enunwa,Quincy Enunwa,WR,-0.4,0,0.0,0.0,,647.0,496.0,555.0
DT-1992,De'Lance,Turner,De'Lance Turner,RB,0.0,0,0.6,0.3545454545454545,0.3714285714285714,509.0,496.0,528.0
RG-0012,Rico,Gafford,Rico Gafford,WR,0.0,0,14.6,-14.6,,509.0,496.0,357.0
TC-0450,Tra,Carson,Tra Carson,RB,3.2,0,3.4,-2.807407407407408,-4.7375,429.0,496.0,466.0
TC-2050,Tevin,Coleman,Tevin Coleman,RB,39.5,0,76.89999999999998,-76.89999999999998,,176.0,496.0,111.0
DB-2750,David,Blough,David Blough,QB,0.0,0,55.36,-55.36,-inf,509.0,496.0,176.0
DH-1912,Dwayne,Haskins,Dwayne Haskins,QB,0.5800000000000001,0,79.12,-78.37428571428572,-105.09961685823755,496.0,496.0,101.0
MB-3862,Malcolm,Brown,Malcolm Brown,RB,28.4,0,28.7,-28.7,,232.0,496.0,267.0
DL-1787,Drew,Lock,Drew Lock,QB,0.0,0,68.0,-68.0,-inf,509.0,496.0,137.0
SP-0850,Senorise,Perry,Senorise Perry,RB,0.0,0,0.4,-0.027906976744186074,-0.07500000000000008,509.0,496.0,536.0
RF-0450,Ryan,Finley,Ryan Finley,QB,0.0,0,24.66,-24.66,-inf,509.0,496.0,291.0
SM-2825,Steven,Mitchell,Steven Mitchell,WR,0.0,0,3.7,-3.7,,509.0,496.0,461.0
JH-5150,J.P.,Holtz,J.P. Holtz,TE,2.3,0,6.8,-6.374074074074074,-14.965217391304348,449.0,496.0,423.0
GH-1162,Gregory,Howell,Gregory Howell,RB,0.0,0,1.0,-1.0,,509.0,496.0,511.0
NB-0125,Nick,Bawden,Nick Bawden,RB,1.4,0,0.3,0.33636363636363625,0.5285714285714285,469.0,496.0,545.0
FB-0750,Fred,Brown,Fred Brown,WR,0.5,0,1.6,-1.4717948717948717,-11.480000000000002,497.0,496.0,493.0
GW-0250,Greg,Ward Jr.,Greg Ward Jr.,WR,0.0,0,31.9,-31.9,,509.0,496.0,247.0
IF-0175,Isaiah,Ford,Isaiah Ford,WR,0.9,0,24.6,-24.363157894736837,-102.86666666666665,486.0,496.0,292.0
JN-0350,JoJo,Natson,JoJo Natson,WR,0.0,0,0.0,0.3333333333333333,1.0,509.0,496.0,555.0
JO-0150,James,O'Shaughnessy,James O'Shaughnessy,TE,27.3,0,0.0,0.0,,239.0,496.0,555.0
KH-2075,Krishawn,Hogan,Krishawn Hogan,WR,0.0,0,0.4,-0.4,,509.0,496.0,536.0
RD-0150,Rashard,Davis,Rashard Davis,WR,0.0,0,1.6,-1.6,,509.0,496.0,493.0
CS-1925,Cam,Sims,Cam Sims,WR,0.0,0,2.7,-2.7,,509.0,496.0,476.0
VG-0300,Virgil,Green,Virgil Green,TE,4.2,0,9.6,-9.6,,418.0,496.0,391.0
RD-0450,Robert,Davis,Robert Davis,WR,1.1,0,0.6,-0.3179487179487179,-1.1272727272727268,480.0,496.0,528.0
VD-0100,Vernon,Davis,Vernon Davis,TE,20.3,0,0.0,0.0,,278.0,496.0,555.0
DW-0500,Delanie,Walker,Delanie Walker,TE,33.49999999999999,0,0.0,0.0,,213.0,496.0,555.0
BB-1950,Braxton,Berrios,Braxton Berrios,WR,1.0,0,8.5,-8.045454545454545,-17.699999999999996,482.0,496.0,404.0
RN-0025,Ryan,Nall,Ryan Nall,RB,0.0,0,0.8,-0.8,,509.0,496.0,520.0
CB-1650,Christian,Blake,Christian Blake,WR,0.0,0,9.1,-9.1,,509.0,496.0,398.0
RM-2050,Ray-Ray,McCloud,Ray-Ray McCloud,RB,-2.0,0,0.0,0.0,,651.0,496.0,555.0
CL-0125,Chris,Lacy,Chris Lacy,WR,0.0,0,6.0,-6.0,,509.0,496.0,431.0
CM-1650,Codey,McElroy,Codey McElroy,WR,0.0,0,3.0,-3.0,,509.0,496.0,472.0
JC-4300,Jared,Cook,Jared Cook,TE,28.8,0,97.70000000000002,-97.70000000000002,,231.0,496.0,56.0
VB-0325,Ventell,Bryant,Ventell Bryant,WR,0.0,0,7.5,-7.5,-inf,509.0,496.0,414.0
JS-6787,Jarrett,Stidham,Jarrett Stidham,QB,-1.64,-2,0.0,-2.1085714285714285,1.0,649.0,652.0,555.0
BB-2425,Blake,Bortles,Blake Bortles,QB,0.0,-6,-0.78,-5.608443102836609,0.8779045242410215,509.0,653.0,649.0
