player,first,last,name,position,week2-cur,week2-pred,week2-act,week2-diff,week2-pct,rank-cur,rank-pred,rank-act
MB-4075,Marquise,Brown,Marquise Brown,WR,30.7,460,73.69999999999997,386.8,0.8399565689467969,8.0,1.0,204.0
JJ-0587,Josh,Jacobs,Josh Jacobs,RB,23.3,349,148.3,201.2,0.5756795422031473,22.0,2.0,61.0
KM-3500,Kyler,Murray,Kyler Murray,QB,21.62,324,266.66,57.640000000000036,0.1777366635831022,27.0,3.0,10.0
TM-2275,Terry,McLaurin,Terry McLaurin,WR,20.5,307,117.4,190.1,0.6182113821138212,31.0,4.0,112.0
SB-0212,Saquon,Barkley,Saquon Barkley,RB,13.9,299,182.2,117.75294117647059,0.3925713837464701,69.0,5.0,38.0
RW-3850,Russell,Wilson,Russell Wilson,QB,17.64,293,316.0,-22.46272717475898,-0.0765242756347753,40.0,6.0,3.0
AR-1300,Aaron,Rodgers,Aaron Rodgers,QB,12.919999999999998,287,269.46000000000004,18.11074758231632,0.06297840699924517,74.0,7.0,8.0
DP-2037,Dak,Prescott,Dak Prescott,QB,33.4,286,311.34,-24.69836734693865,-0.08616461997630502,4.0,8.0,4.0
TH-1875,T.J.,Hockenson,T.J. Hockenson,TE,19.1,286,29.6,256.9,0.8966841186736474,33.0,8.0,342.0
KC-2350,Kirk,Cousins,Kirk Cousins,QB,14.32,273,236.06,37.414481873065206,0.1368116016412506,65.0,10.0,19.0
TB-2300,Tom,Brady,Tom Brady,QB,26.64,266,239.04,27.94931238949297,0.10468326293420907,16.0,11.0,18.0
MR-2500,Matt,Ryan,Matt Ryan,QB,18.56,265,250.78,14.7976116494834,0.0557185959975184,34.0,12.0,14.0
GM-1350,Gardner,Minshew,Gardner Minshew,QB,17.6,264,214.64,49.35999999999999,0.18696969696969687,41.0,13.0,27.0
DW-1725,Deshaun,Watson,Deshaun Watson,QB,30.72,261,293.2600000000001,-31.306060606060672,-0.119509791219368,7.0,14.0,6.0
AK-0050,Alvin,Kamara,Alvin Kamara,RB,16.9,258,152.61999999999995,106.04666666666672,0.4099742268041238,50.0,15.0,58.0
PR-0300,Philip,Rivers,Philip Rivers,QB,24.92,253,215.58,38.00144685029986,0.14985894008536738,18.0,16.0,26.0
EE-0250,Ezekiel,Elliott,Ezekiel Elliott,RB,12.3,241,245.3,-3.3408163265306143,-0.013807354925775986,79.0,17.0,15.0
JW-5650,Jameis,Winston,Jameis Winston,QB,7.059999999999999,239,301.3,-61.32933790693059,-0.2555701491674213,152.0,18.0,5.0
BM-0650,Baker,Mayfield,Baker Mayfield,QB,9.4,238,223.78,14.80823529411768,0.06206607495069048,111.0,19.0,23.0
CW-1425,Carson,Wentz,Carson Wentz,QB,27.02,236,252.84,-15.974693877551005,-0.06744210090984278,15.0,20.0,13.0
PM-0025,Patrick,Mahomes,Patrick Mahomes,QB,29.32,224,266.7199999999999,-41.866666666666596,-0.18619544592030327,11.0,21.0,9.0
DC-0725,Derek,Carr,Derek Carr,QB,14.56,223,234.84000000000003,-11.314117363244376,-0.05061658734899424,64.0,22.0,20.0
CM-1225,Christian,McCaffrey,Christian McCaffrey,RB,32.9,223,330.3,-106.78484848484848,-0.477752169197397,5.0,22.0,2.0
KH-2850,Kareem,Hunt,Kareem Hunt,RB,0.0,221,60.8,160.48484848484856,0.7252410166520598,348.0,24.0,237.0
JA-1087,Josh,Allen,Josh Allen,QB,15.96,212,275.6,-62.875294117647066,-0.2955711883904079,56.0,25.0,7.0
JG-1850,Jared,Goff,Jared Goff,QB,9.44,209,240.12000000000003,-30.755102040816297,-0.14689712717177686,110.0,26.0,17.0
AD-0100,Andy,Dalton,Andy Dalton,QB,21.72,209,183.90000000000003,25.670336274579093,0.12249031390084618,26.0,26.0,36.0
DB-3800,Drew,Brees,Drew Brees,QB,20.8,203,206.96,-3.044857370704392,-0.014931982644563791,28.0,28.0,30.0
TG-1950,Todd,Gurley,Todd Gurley,RB,10.1,200,178.30000000000004,21.827488791942557,0.1090679192733735,98.0,29.0,42.0
MT-1800,Mitchell,Trubisky,Mitchell Trubisky,QB,8.219999999999999,198,194.6,3.5866666666666163,0.018097416576964228,131.0,30.0,32.0
TH-1750,Tyreek,Hill,Tyreek Hill,WR,2.1,195,136.2,59.489795918367406,0.3040005005840149,266.0,31.0,79.0
JG-0650,Jimmy,Garoppolo,Jimmy Garoppolo,QB,10.44,194,241.92,-47.56144457694146,-0.24470980695146086,91.0,32.0,16.0
PL-0275,Phillip,Lindsay,Phillip Lindsay,RB,6.6,186,156.1,30.62941176470591,0.16403099798387108,163.0,33.0,54.0
LJ-0150,Lamar,Jackson,Lamar Jackson,QB,35.56,182,388.82000000000005,-206.13764705882357,-1.1283938691396191,2.0,34.0,1.0
MM-0912,Marcus,Mariota,Marcus Mariota,QB,25.32,178,61.70000000000001,116.36676211833958,0.6535007473264695,17.0,35.0,234.0
MS-4100,Matthew,Stafford,Matthew Stafford,QB,28.6,178,141.96,36.259264818727964,0.2034531163373854,13.0,35.0,68.0
JH-5575,Jordan,Howard,Jordan Howard,RB,5.5,177,95.9,81.50408163265307,0.4594261917909075,188.0,37.0,153.0
NC-0175,Nick,Chubb,Nick Chubb,RB,8.5,177,212.7,-34.817647058823525,-0.19573412698412693,126.0,37.0,29.0
RF-0500,Ryan,Fitzpatrick,Ryan Fitzpatrick,QB,10.2,176,232.26,-55.336998302936564,-0.3127744712227265,95.0,39.0,21.0
SD-0175,Sam,Darnold,Sam Darnold,QB,13.0,172,177.16,-4.5482352941176885,-0.026349509269356846,72.0,40.0,44.0
MT-0875,Michael,Thomas,Michael Thomas,WR,12.3,171,213.3,-41.871428571428645,-0.24425000000000055,79.0,41.0,28.0
JJ-4700,Julio,Jones,Julio Jones,WR,9.1,167,168.0,-0.5375060677528438,-0.003209710157369989,116.0,42.0,48.0
DH-3950,DeAndre,Hopkins,DeAndre Hopkins,WR,23.1,166,143.44000000000003,22.863080341219842,0.13747839363113107,23.0,43.0,66.0
JS-3825,Joey,Slye,Joey Slye,K,11.0,165,113.0,52.0,0.3151515151515151,84.0,44.0,121.0
BB-2425,Blake,Bortles,Blake Bortles,QB,0.0,165,-0.78,165.9249948987365,1.0047231222507125,348.0,44.0,646.0
JS-4750,Juju,Smith-Schuster,Juju Smith-Schuster,WR,7.8,164,65.39999999999999,99.15757575757576,0.6025707130229818,141.0,46.0,228.0
EM-0200,Eli,Manning,Eli Manning,QB,14.84,161,41.54,120.10220873206852,0.7430126677565079,61.0,47.0,300.0
LB-0250,Le'Veon,Bell,Le'Veon Bell,RB,17.2,161,131.79999999999998,29.2717034339905,0.18173088636879328,47.0,47.0,88.0
TK-0150,Travis,Kelce,Travis Kelce,TE,8.8,160,148.5,12.221329227089939,0.07604049372825873,123.0,49.0,60.0
ME-0600,Mike,Evans,Mike Evans,WR,2.8,160,166.9,-6.634404347836977,-0.04139631042358052,250.0,49.0,50.0
MI-0100,Mark,Ingram,Mark Ingram,RB,22.7,158,193.3,-35.03186540752648,-0.22134503257860744,24.0,51.0,33.0
BR-1100,Ben,Roethlisberger,Ben Roethlisberger,QB,9.739999999999998,157,3.0,154.39814273625615,0.9809400546420236,107.0,52.0,526.0
HB-0500,Harrison,Butker,Harrison Butker,K,17.0,156,145.0,11.121212121212123,0.07123447204968948,49.0,53.0,63.0
TH-1850,T.Y.,Hilton,T.Y. Hilton,WR,20.7,156,59.4,96.6896494463086,0.6194494624678346,29.0,53.0,238.0
RT-0150,Ryan,Tannehill,Ryan Tannehill,QB,-0.2,153,231.38,-77.82030487291516,-0.5067755885326007,644.0,55.0,22.0
BC-2325,Brandin,Cooks,Brandin Cooks,WR,3.9,153,71.60000000000002,81.40231333971019,0.5320332193865139,223.0,55.0,210.0
CR-0862,Calvin,Ridley,Calvin Ridley,WR,12.4,151,121.6,30.117647058823568,0.19851116625310192,77.0,57.0,106.0
JM-5275,Joe,Mixon,Joe Mixon,RB,1.7,151,188.8,-36.84848484848485,-0.2425015954052329,277.0,57.0,34.0
AB-3150,A.J.,Brown,A.J. Brown,WR,10.0,150,165.10000000000005,-15.100000000000026,-0.10066666666666682,102.0,59.0,51.0
WL-0300,Wil,Lutz,Wil Lutz,K,14.0,150,145.0,5.2040816326530726,0.03464673913043485,66.0,59.0,63.0
AT-0350,Adam,Thielen,Adam Thielen,WR,10.3,148,74.10000000000002,74.60144816339016,0.5016860903830579,93.0,61.0,201.0
LF-0650,Leonard,Fournette,Leonard Fournette,RB,7.399999999999999,147,176.0,-28.606060606060595,-0.19407894736842096,149.0,62.0,45.0
DS-2177,Devin,Singletary,Devin Singletary,RB,9.8,147,109.09999999999998,37.90000000000003,0.2578231292517008,106.0,62.0,131.0
CN-0500,Cam,Newton,Cam Newton,QB,5.360000000000001,146,11.32,134.77507379531858,0.9225162101231456,191.0,64.0,444.0
LM-1000,LeSean,McCoy,LeSean McCoy,RB,9.3,145,81.29999999999998,64.16370860785247,0.4410977089882113,112.0,65.0,186.0
DH-2450,Derrick,Henry,Derrick Henry,RB,29.9,144,254.6,-109.95999999999998,-0.7602323008849556,9.0,66.0,12.0
JT-3950,Justin,Tucker,Justin Tucker,K,11.0,141,141.0,0.9713757634162904,0.006842053605474731,84.0,67.0,71.0
DA-0212,Davante,Adams,Davante Adams,WR,3.6,141,126.1,15.265415148437027,0.107985500784672,229.0,67.0,94.0
JE-0100,Julian,Edelman,Julian Edelman,WR,10.38,139,143.9,-4.6169126840308365,-0.03314769059905449,92.0,69.0,65.0
DJ-1325,David,Johnson,David Johnson,RB,19.7,139,85.8,53.53992762342095,0.3842396686764296,32.0,69.0,174.0
LF-0200,Larry,Fitzgerald,Larry Fitzgerald,WR,17.3,138,85.1,53.670824444294006,0.3867587056516968,45.0,71.0,176.0
MG-1150,Melvin,Gordon,Melvin Gordon,RB,0.0,134,138.8,-4.045850875973713,-0.030023942878745456,348.0,72.0,76.0
JE-0250,Jake,Elliott,Jake Elliott,K,6.0,133,100.0,33.81818181818181,0.2527173913043478,175.0,73.0,148.0
DM-2275,D.K.,Metcalf,D.K. Metcalf,WR,8.9,133,124.2,9.300000000000011,0.06966292134831469,122.0,73.0,98.0
KA-0650,Keenan,Allen,Keenan Allen,WR,18.3,133,139.19999999999996,-5.231300577521266,-0.03904867778871267,36.0,73.0,75.0
MM-0050,Marlon,Mack,Marlon Mack,RB,27.4,131,141.9,-10.603030303030296,-0.08075609305760703,14.0,76.0,70.0
TC-1975,Tarik,Cohen,Tarik Cohen,RB,4.9,129,78.00000000000001,51.44484848484849,0.3974267735410892,199.0,77.0,193.0
FG-0200,Frank,Gore,Frank Gore,RB,2.0,129,79.89999999999998,49.86346151232722,0.3842642677005832,267.0,77.0,189.0
JL-0215,Jarvis,Landry,Jarvis Landry,WR,7.7,129,148.69999999999996,-19.09543773531911,-0.1473361539258321,143.0,77.0,59.0
DF-1875,Devonta,Freeman,Devonta Freeman,RB,1.0999999999999996,129,137.50000000000003,-8.067694994807283,-0.06233138623687195,302.0,77.0,77.0
CH-5000,Carlos,Hyde,Carlos Hyde,RB,8.5,129,136.7,-7.481954787671527,-0.05790177970404466,126.0,77.0,78.0
SG-0800,Stephen,Gostkowski,Stephen Gostkowski,K,16.0,127,16.0,111.6780269443989,0.8746847802796353,54.0,82.0,417.0
PW-1150,Preston,Williams,Preston Williams,WR,8.4,126,50.4,75.6,0.6,129.0,83.0,265.0
BAL,Baltimore,Ravens,Baltimore Ravens,DF,12.0,126,123.0,3.003890991210937,0.023839668502145427,81.0,83.0,102.0
SM-2625,Sony,Michel,Sony Michel,RB,1.4,125,139.4,-13.752941176470573,-0.10945692883895117,290.0,85.0,74.0
JF-1900,Joe,Flacco,Joe Flacco,QB,14.82,125,71.06,54.021208103001136,0.43188908167976814,62.0,85.0,211.0
NE,New England,Patriots,New England Patriots,DF,7.0,125,182.0,-56.60709309577942,-0.4514377606623146,153.0,85.0,39.0
AC-2350,Amari,Cooper,Amari Cooper,WR,16.6,124,154.9,-30.23621759414673,-0.2425421161673902,52.0,88.0,56.0
CM-2137,Chase,McLaughlin,Chase McLaughlin,K,8.0,120,79.0,41.0,0.3416666666666667,133.0,89.0,191.0
SEA,Seattle,Seahawks,Seattle Seahawks,DF,8.0,119,104.0,15.184102147817613,0.1274003988299177,133.0,90.0,141.0
JC-4075,James,Conner,James Conner,RB,6.5,119,105.0,14.224242424242464,0.11930662871085836,165.0,90.0,138.0
GK-0075,George,Kittle,George Kittle,TE,5.4,119,134.10000000000002,-15.021212121212116,-0.12614515472312696,189.0,90.0,84.0
KS-2350,Kenny,Stills,Kenny Stills,WR,9.7,118,70.4,48.26841153651475,0.4067502961532637,108.0,93.0,214.0
SD-0537,Stefon,Diggs,Stefon Diggs,WR,3.7,117,155.29999999999995,-37.7736772596836,-0.3214061018751305,226.0,94.0,55.0
MC-3000,Mason,Crosby,Mason Crosby,K,4.0,117,114.0,3.9863599464297295,0.03378661692961532,210.0,94.0,118.0
AR-1250,Allen,Robinson,Allen Robinson,WR,10.2,116,146.70000000000005,-30.536586745083397,-0.2628761146857135,95.0,96.0,62.0
AE-0550,Austin,Ekeler,Austin Ekeler,RB,35.4,116,187.6,-70.70303030303026,-0.6048320199087512,3.0,96.0,35.0
TL-1025,Tyler,Lockett,Tyler Lockett,WR,12.4,115,142.79999999999995,-27.750245499610887,-0.24120212702858945,77.0,98.0,67.0
DJ-0200,DeSean,Jackson,DeSean Jackson,WR,31.4,115,0.5,115.07514690905808,0.9956738103876828,6.0,98.0,599.0
MP-2100,Matt,Prater,Matt Prater,K,11.0,115,117.0,-1.263913556933403,-0.010920652285535444,84.0,98.0,113.0
PIT,Pittsburgh,Steelers,Pittsburgh Steelers,DF,0.0,114,164.0,-49.99947452545165,-0.4385898601547629,348.0,101.0,52.0
ARI,Arizona,Cardinals,Arizona Cardinals,DF,5.0,114,58.0,56.961324989795706,0.4954825024402925,194.0,101.0,243.0
RG-1500,Robbie,Gould,Robbie Gould,K,11.0,113,131.0,-17.744465827941895,-0.1566763686883897,84.0,103.0,89.0
CC-0750,Chris,Carson,Chris Carson,RB,18.1,112,177.7,-65.1181818181818,-0.5784076227390178,38.0,104.0,43.0
CAR,Carolina,Panthers,Carolina Panthers,DF,4.0,111,89.0,22.308864906430262,0.20042307434528053,210.0,105.0,166.0
JW-2550,James,White,James White,RB,8.2,111,114.0,-2.269122725725225,-0.020308824033977886,132.0,105.0,118.0
SW-0450,Sammy,Watkins,Sammy Watkins,WR,41.8,110,48.7,61.5778668344021,0.5583882659506828,1.0,107.0,273.0
GB,Green Bay,Packers,Green Bay Packers,DF,11.0,110,93.0,17.347525924444213,0.15720810937186028,84.0,107.0,160.0
CHI,Chicago,Bears,Chicago Bears,DF,8.0,110,82.0,28.59966962039471,0.2585872970376477,133.0,107.0,182.0
SH-0400,Stephen,Hauschka,Stephen Hauschka,K,6.0,110,95.0,15.09061983972788,0.13707452879906665,175.0,107.0,155.0
CB-2275,Chris,Boswell,Chris Boswell,K,3.0,110,121.0,-10.010457865893839,-0.09019280261376723,243.0,107.0,107.0
DEN,Denver,Broncos,Denver Broncos,DF,0.0,110,92.0,18.49869373440741,0.1674109721049782,348.0,107.0,161.0
ZE-0100,Zach,Ertz,Zach Ertz,TE,5.4,110,122.2,-11.379652906954293,-0.10268559163959158,189.0,107.0,105.0
MB-0020,Michael,Badgley,Michael Badgley,K,16.0,109,48.0,61.17647058823529,0.5603448275862069,54.0,114.0,277.0
LM-1850,Latavius,Murray,Latavius Murray,RB,10.7,109,112.50000000000004,-3.138089797645818,-0.0286945408308922,90.0,114.0,122.0
PHI,Philadelphia,Eagles,Philadelphia Eagles,DF,1.0,109,105.0,4.816659614443778,0.04386091902043487,303.0,114.0,138.0
MJ-2250,Marvin,Jones,Marvin Jones,WR,6.0,109,125.9,-16.303532147407534,-0.14875964952936102,175.0,114.0,96.0
GZ-2000,Greg,Zuerlein,Greg Zuerlein,K,14.0,108,107.0,1.7191395312547684,0.01581266682818573,66.0,118.0,134.0
MB-3537,Matt,Breida,Matt Breida,RB,3.7,108,82.6,25.860606060606045,0.23843316942333476,226.0,118.0,181.0
ES-0200,Emmanuel,Sanders,Emmanuel Sanders,WR,14.6,108,109.2,-0.6865472897886917,-0.006326840337687333,63.0,118.0,130.0
JM-7000,Jason,Myers,Jason Myers,K,3.0,108,109.0,-0.28905756771564484,-0.0026589555866990827,243.0,118.0,132.0
LA,Los Angeles,Rams,Los Angeles Rams,DF,9.0,108,124.0,-15.927122861146913,-0.1473739136294446,117.0,118.0,100.0
MIN,Minnesota,Vikings,Minnesota Vikings,DF,15.0,108,128.0,-19.60356682538988,-0.1808506631746039,59.0,118.0,92.0
OB-0075,Odell,Beckham Jr.,Odell Beckham Jr.,WR,7.1,107,122.20000000000002,-15.060611385107038,-0.1405702569317586,151.0,124.0,104.0
GT-0100,Golden,Tate,Golden Tate,WR,0.0,107,111.2,-3.4783225536346407,-0.032289903351778934,348.0,124.0,125.0
AP-0700,Adrian,Peterson,Adrian Peterson,RB,0.0,107,130.0,-22.05616495013236,-0.2043300105091032,348.0,124.0,90.0
AJ-1143,Aaron,Jones,Aaron Jones,RB,3.9,107,265.9,-158.11818181818182,-1.4670209176788125,223.0,124.0,11.0
RA-1125,Robby,Anderson,Robby Anderson,WR,2.3,107,109.9,-1.948979591836732,-0.018054295220810625,263.0,124.0,128.0
AJ-0430,Alshon,Jeffery,Alshon Jeffery,WR,17.1,107,62.1,45.066594764590285,0.42052838259521774,48.0,124.0,231.0
SS-1250,Sterling,Shepard,Sterling Shepard,WR,4.2,107,80.60000000000002,27.024489795918345,0.2510998179611649,206.0,124.0,187.0
KC,Kansas City,Chiefs,Kansas City Chiefs,DF,5.0,107,121.0,-13.222010701894774,-0.12267820904808086,194.0,124.0,107.0
CK-1300,Cooper,Kupp,Cooper Kupp,WR,4.6,106,173.99999999999997,-67.04242424242422,-0.6268132366273796,201.0,132.0,46.0
JR-3250,Josh,Rosen,Josh Rosen,QB,-1.8,106,19.78,86.68588235294115,0.8142127828854314,649.0,132.0,392.0
KJ-0587,Kerryon,Johnson,Kerryon Johnson,RB,6.2,106,68.8,38.11764705882355,0.3565140845070424,170.0,132.0,218.0
TEN,Tennessee,Titans,Tennessee Titans,DF,22.0,105,105.0,0.8924095630645752,0.008427512101640276,25.0,135.0,138.0
KG-0650,Kenny,Golladay,Kenny Golladay,WR,10.2,105,180.8,-75.15151515151516,-0.7113354749885269,95.0,135.0,40.0
LAC,Los Angeles,Chargers,Los Angeles Chargers,DF,2.0,104,72.0,32.146605789661415,0.3086668600087262,267.0,137.0,208.0
CK-0250,Case,Keenum,Case Keenum,QB,29.2,104,76.27999999999999,28.21068104103209,0.2699827464035203,12.0,137.0,197.0
BUF,Buffalo,Bills,Buffalo Bills,DF,7.0,104,115.0,-10.058351993560793,-0.09584709392922447,153.0,137.0,116.0
CIN,Cincinnati,Bengals,Cincinnati Bengals,DF,6.0,103,57.0,46.476469434797785,0.4491501274507956,175.0,140.0,245.0
AV-0400,Adam,Vinatieri,Adam Vinatieri,K,3.0,103,72.0,31.02469432353973,0.3011384263476627,243.0,140.0,208.0
DM-2850,D.J.,Moore,D.J. Moore,WR,5.6,103,141.90000000000003,-38.747058823529436,-0.3756272810218981,185.0,140.0,69.0
JL-0207,Josh,Lambo,Josh Lambo,K,8.0,102,125.0,-22.147509505972266,-0.21533274886774173,133.0,143.0,97.0
EE-0400,Evan,Engram,Evan Engram,TE,17.6,101,49.8,51.29090909090909,0.5073741007194245,41.0,144.0,267.0
JW-3650,Jamaal,Williams,Jamaal Williams,RB,1.5,101,105.8,-4.612121212121238,-0.04557977958792552,285.0,144.0,136.0
JB-6950,John,Brown,John Brown,WR,18.3,101,133.52,-31.850568231642256,-0.3132757573014685,36.0,144.0,85.0
NYG,New York,Giants,New York Giants,DF,-3.0,101,74.0,27.48485779762269,0.27082717948358337,651.0,144.0,202.0
KD-1462,Kenyan,Drake,Kenyan Drake,RB,2.7,101,163.50000000000003,-62.046938775510256,-0.6115827164467338,253.0,144.0,53.0
CS-4462,Courtland,Sutton,Courtland Sutton,WR,12.0,101,140.42,-38.490588235294105,-0.37762003693444135,81.0,144.0,73.0
BM-0062,Brett,Maher,Brett Maher,K,5.0,100,91.0,9.841508820652964,0.09759382753937296,194.0,150.0,163.0
DJ-1850,Duke,Johnson,Duke Johnson,RB,9.0,99,101.0,-1.0455657213926344,-0.010460423581391931,117.0,151.0,146.0
IND,Indianapolis,Colts,Indianapolis Colts,DF,7.0,98,95.0,3.2430664896965027,0.033010639891178764,153.0,152.0,155.0
DET,Detroit,Lions,Detroit Lions,DF,7.0,97,67.0,30.770879685878768,0.3147243819912471,153.0,153.0,223.0
MB-3325,Miles,Boykin,Miles Boykin,WR,6.5,97,31.3,66.2,0.678974358974359,165.0,153.0,335.0
RW-4050,Robert,Woods,Robert Woods,WR,8.6,96,134.3,-37.753598909080026,-0.3910409759709902,124.0,155.0,83.0
TW-2875,Tyrell,Williams,Tyrell Williams,WR,16.5,96,88.60000000000002,8.065822006762032,0.08344026709044906,53.0,155.0,168.0
JS-0350,Jason,Sanders,Jason Sanders,K,6.0,96,97.0,-1.0,-0.010416666666666666,175.0,155.0,150.0
HOU,Houston,Texans,Houston Texans,DF,2.0,96,89.0,7.103235423564898,0.07391255239491297,267.0,155.0,166.0
BM-1650,Brandon,McManus,Brandon McManus,K,9.0,96,117.0,-20.698959276080128,-0.21494014104604367,117.0,155.0,113.0
DH-3970,Dustin,Hopkins,Dustin Hopkins,K,11.0,96,92.0,4.760738939046861,0.04920114285243134,84.0,155.0,161.0
CG-1425,Chris,Godwin,Chris Godwin,WR,11.3,95,180.8,-85.76969696969694,-0.9025510204081628,83.0,161.0,40.0
SF,San Francisco,49ers,San Francisco 49ers,DF,24.0,95,116.0,-20.381379485130307,-0.2131528291810149,19.0,161.0,115.0
RB-4650,Randy,Bullock,Randy Bullock,K,7.0,95,106.0,-10.992409497499466,-0.11570032919854074,153.0,161.0,135.0
DAL,Dallas,Cowboys,Dallas Cowboys,DF,6.0,94,86.0,8.537498801946652,0.09030806727637747,175.0,164.0,173.0
NO,New Orleans,Saints,New Orleans Saints,DF,7.0,93,118.0,-24.764571934938445,-0.2656133236998411,153.0,165.0,110.0
NH-1237,Nyheim,Hines,Nyheim Hines,RB,1.7000000000000002,93,72.2,21.541176470588255,0.2297941767068275,275.0,165.0,206.0
ATL,Atlanta,Falcons,Atlanta Falcons,DF,0.0,93,67.0,26.51950204372405,0.2835718910407065,348.0,165.0,223.0
TB,Tampa Bay,Buccaneers,Tampa Bay Buccaneers,DF,10.0,93,119.0,-25.31581068038939,-0.2702250066339648,102.0,165.0,109.0
DC-3550,Dalvin,Cook,Dalvin Cook,RB,24.0,92,217.4,-125.0848484848485,-1.3549763655462186,19.0,169.0,25.0
WAS,Washington,Redskins,Washington Redskins,DF,0.0,91,79.0,12.80659039318563,0.13949532749596813,348.0,170.0,191.0
JAC,Jacksonville,Jaguars,Jacksonville Jaguars,DF,-3.0,91,103.0,-11.051462322473512,-0.12019182253047014,651.0,170.0,142.0
RC-1500,Randall,Cobb,Randall Cobb,WR,12.9,91,87.0,4.413511946797343,0.048280739387477054,75.0,170.0,170.0
DP-0350,DeVante,Parker,DeVante Parker,WR,7.5,90,168.7,-78.0351021759212,-0.8606980656100911,146.0,173.0,47.0
JG-2900,Jimmy,Graham,Jimmy Graham,TE,9.0,90,53.7,36.74251659214494,0.4062527003515079,117.0,173.0,257.0
NYJ,New York,Jets,New York Jets,DF,18.0,89,97.0,-7.1174821853637695,-0.07918650209645972,39.0,175.0,150.0
JC-5680,Jamison,Crowder,Jamison Crowder,WR,10.3,89,109.5,-19.777392299473266,-0.22042819314264267,93.0,175.0,129.0
MC-2900,Michael,Crabtree,Michael Crabtree,WR,0.0,88,2.2,86.78832204341889,0.9752776549834642,348.0,177.0,543.0
KF-0075,Ka'imi,Fairbairn,Ka'imi Fairbairn,K,4.0,87,101.0,-13.48979591836735,-0.1541511194029851,210.0,178.0,146.0
TB-2650,Teddy,Bridgewater,Teddy Bridgewater,QB,0.0,87,90.46,-3.4069262762367742,-0.03913619738514496,348.0,178.0,164.0
RF-1400,Royce,Freeman,Royce Freeman,RB,6.1,87,93.10000000000002,-5.19411764705886,-0.05908725910064281,172.0,178.0,159.0
GE-0150,Gus,Edwards,Gus Edwards,RB,5.6,87,82.0,5.905882352941178,0.06718415417558887,185.0,178.0,182.0
CLE,Cleveland,Browns,Cleveland Browns,DF,1.0,86,87.0,-0.8549454212188579,-0.009924486384032592,303.0,182.0,170.0
MIA,Miami,Dolphins,Miami Dolphins,DF,-4.0,86,45.0,41.67258882522583,0.4808047087327468,653.0,182.0,288.0
MA-1050,Mark,Andrews,Mark Andrews,TE,16.8,86,126.4,-39.81176470588235,-0.4597826086956519,51.0,182.0,93.0
DC-0450,Daniel,Carlson,Daniel Carlson,K,6.0,86,85.0,1.5882352941176519,0.018342391304347883,175.0,182.0,178.0
AC-0237,Antonio,Callaway,Antonio Callaway,WR,0.0,85,8.9,77.02941176470588,0.8964266155531215,348.0,186.0,466.0
CK-0825,Christian,Kirk,Christian Kirk,WR,6.4,85,95.8,-10.2470588235294,-0.11977447744774462,167.0,186.0,154.0
JB-5725,Jacoby,Brissett,Jacoby Brissett,QB,17.5,84,203.18000000000004,-118.57591836734699,-1.4015389810883836,43.0,188.0,31.0
TB-2075,Tyler,Boyd,Tyler Boyd,WR,6.3,84,128.5,-44.25510204081635,-0.5253149224806204,169.0,188.0,91.0
AM-1975,Anthony,Miller,Anthony Miller,WR,0.0,83,75.5,8.471764705882348,0.10088825375476347,348.0,190.0,199.0
EE-0050,Eric,Ebron,Eric Ebron,TE,0.8,83,56.7,26.315734040737173,0.3169969445529881,312.0,190.0,249.0
WF-0300,Will,Fuller,Will Fuller,WR,6.9,82,80.09999999999998,2.7081632653061547,0.03270406151419597,162.0,192.0,188.0
MS-0150,Mohamed,Sanu,Mohamed Sanu,WR,5.7,81,59.39999999999999,22.280933117121464,0.2727801001633155,184.0,193.0,239.0
DB-0200,Dan,Bailey,Dan Bailey,K,4.0,81,135.0,-53.19796764850617,-0.6503257452079023,210.0,193.0,80.0
GJ-1200,Greg,Joseph,Greg Joseph,K,4.0,80,17.0,63.0,0.7875,210.0,195.0,410.0
OH-0250,O.J.,Howard,O.J. Howard,TE,1.2000000000000002,80,48.7,32.22121212121214,0.3981800479328941,296.0,195.0,273.0
DW-2275,Dede,Westbrook,Dede Westbrook,WR,9.2,79,81.5,-1.6939393939394023,-0.0212256986634266,115.0,197.0,185.0
KR-1200,Kyle,Rudolph,Kyle Rudolph,TE,0.0,78,74.69999999999997,3.455417788028712,0.04421213379474747,348.0,198.0,200.0
NA-0050,Nelson,Agholor,Nelson Agholor,WR,1.1,78,53.90000000000001,24.18633289784195,0.30973836265924043,301.0,198.0,256.0
TS-2425,Tre'Quan,Smith,Tre'Quan Smith,WR,8.6,78,44.8,33.599999999999994,0.42857142857142855,124.0,198.0,291.0
JR-2075,Jalen,Richard,Jalen Richard,RB,0.3,78,46.5,32.03061224489798,0.40787422037422055,340.0,198.0,283.0
DN-1225,David,Njoku,David Njoku,TE,9.7,77,0.4,77.32121212121208,0.994853399875234,108.0,202.0,604.0
MG-0175,Michael,Gallup,Michael Gallup,WR,15.8,77,134.9,-57.25294117647061,-0.737348484848485,57.0,202.0,82.0
GO-0100,Greg,Olsen,Greg Olsen,TE,3.6,77,68.10000000000001,9.68901341333985,0.12455503660724285,229.0,202.0,219.0
PB-0125,Peyton,Barber,Peyton Barber,RB,4.5,77,95.99999999999996,-18.41632653061221,-0.2373737373737369,204.0,202.0,152.0
JW-6000,Jason,Witten,Jason Witten,TE,7.5,76,69.4,7.137291058897972,0.09325246504224444,146.0,206.0,217.0
MV-0012,Marquez,Valdes-Scantling,Marquez Valdes-Scantling,WR,5.2,75,56.9,18.58235294117646,0.24618142144638394,192.0,207.0,246.0
MG-0306,Matt,Gay,Matt Gay,K,5.0,75,135.0,-60.0,-0.8,194.0,207.0,80.0
CD-0975,Corey,Davis,Corey Davis,WR,0.0,75,72.1,3.5848484848485214,0.0473654708520184,348.0,207.0,207.0
DP-1263,Dante,Pettis,Dante Pettis,WR,0.7,74,22.84,51.701176470588244,0.6935921717171717,321.0,210.0,377.0
MW-2825,Mike,Williams,Mike Williams,WR,2.9,74,111.39999999999998,-36.92727272727271,-0.4958496093749998,248.0,210.0,124.0
ZJ-0100,Zay,Jones,Zay Jones,WR,1.8,74,20.1,54.857575757575766,0.7318483182406209,273.0,210.0,391.0
DW-3125,Damien,Williams,Damien Williams,RB,12.5,73,102.6,-28.770022463798515,-0.38967941510874143,76.0,213.0,143.0
AM-0825,Alexander,Mattison,Alexander Mattison,RB,4.9,73,53.5,20.0,0.272108843537415,199.0,213.0,258.0
DB-2950,Devontae,Booker,Devontae Booker,RB,0.0,73,6.6,66.83673469387756,0.9101267229879948,348.0,213.0,482.0
AH-3650,Austin,Hooper,Austin Hooper,TE,7.7,72,109.0,-36.70612244897961,-0.5077348690153572,143.0,216.0,132.0
DM-2775,Donte,Moncrief,Donte Moncrief,WR,0.7,72,1.1,71.32725506424906,0.9848123472438076,321.0,216.0,575.0
JA-0450,Jay,Ajayi,Jay Ajayi,RB,0.0,72,3.0,69.5110485613346,0.958626994650858,348.0,216.0,526.0
RF-1075,Robert,Foster,Robert Foster,WR,0.0,71,9.3,62.32352941176471,0.8701544021024967,348.0,219.0,459.0
AR-1450,Aldrick,Rosas,Aldrick Rosas,K,5.0,71,62.0,9.51020408163265,0.13299086757990866,194.0,219.0,232.0
IS-0250,Ito,Smith,Ito Smith,RB,4.0,70,21.3,49.00588235294121,0.6970381526104419,210.0,221.0,383.0
JA-0275,Josh,Adams,Josh Adams,RB,0.0,70,1.2,69.29411764705881,0.9829773030707608,348.0,221.0,571.0
DT-0900,Demaryius,Thomas,Demaryius Thomas,WR,0.0,70,49.3,21.20228698849678,0.3007319038027258,348.0,221.0,270.0
AH-3862,Adam,Humphries,Adam Humphries,WR,0.5,70,49.0,21.23789399862289,0.30237088257571176,332.0,221.0,271.0
CH-2950,Chris,Herndon,Chris Herndon,TE,0.0,69,0.7,69.13529411764706,0.9899764150943396,348.0,225.0,594.0
KC-1550,Keelan,Cole,Keelan Cole,WR,0.0,69,54.7,15.069696969696945,0.21599200833912416,348.0,225.0,253.0
KJ-0537,KeeSean,Johnson,KeeSean Johnson,WR,4.6,69,20.4,48.6,0.7043478260869566,201.0,225.0,389.0
MB-4600,Matt,Bryant,Matt Bryant,K,8.0,69,37.0,32.296651691198356,0.466063668344606,133.0,225.0,312.0
JC-4300,Jared,Cook,Jared Cook,TE,3.7,69,122.8,-52.84332451671365,-0.7553721521449182,226.0,225.0,103.0
VD-0100,Vernon,Davis,Vernon Davis,TE,13.9,68,6.4,61.88217563033103,0.906271293482964,69.0,230.0,486.0
OAK,Oakland,Raiders,Oakland Raiders,DF,4.0,68,62.0,6.685189723968506,0.09733087658103433,210.0,230.0,232.0
CC-2350,Corey,Clement,Corey Clement,RB,0.0,68,-4.0,72.60606060606061,1.058303886925795,348.0,230.0,653.0
DM-2787,David,Montgomery,David Montgomery,RB,4.5,67,140.9,-73.4,-1.0874074074074076,204.0,233.0,72.0
CB-1130,Cole,Beasley,Cole Beasley,WR,4.0,66,113.8,-47.7103014409542,-0.7219022401551567,210.0,234.0,120.0
WS-0925,Willie,Snead,Willie Snead,WR,10.1,65,56.0,9.170665925741202,0.14071769553790858,98.0,235.0,250.0
GB-0350,Giovani,Bernard,Giovani Bernard,RB,6.3000000000000025,65,32.1,32.93061945587396,0.5063863720107846,168.0,235.0,332.0
RB-4670,Rex,Burkhead,Rex Burkhead,RB,8.5,65,65.60000000000001,-0.4327511236071757,-0.006640622875272889,126.0,235.0,227.0
NM-0687,Nick,Mullens,Nick Mullens,QB,0.0,62,-0.3,62.59333333333334,1.004815924657534,348.0,238.0,644.0
AH-3900,Allen,Hurns,Allen Hurns,WR,2.2,62,49.39999999999999,12.60944937467577,0.2033472237188641,264.0,238.0,269.0
DA-0900,Danny,Amendola,Danny Amendola,WR,18.4,61,62.16,-1.0696764445304865,-0.017509752482473415,35.0,240.0,230.0
BP-1200,Bilal,Powell,Bilal Powell,RB,0.0,60,26.200000000000006,34.75795935392378,0.5701955859794781,348.0,241.0,359.0
ZG-0050,Zane,Gonzalez,Zane Gonzalez,K,14.0,60,118.0,-57.39393939393939,-0.9470000000000001,66.0,241.0,110.0
TG-0025,Taylor,Gabriel,Taylor Gabriel,WR,2.4,60,58.9,1.5947499454021423,0.026361790846998127,259.0,241.0,241.0
JS-0280,Jaylen,Samuels,Jaylen Samuels,RB,0.6000000000000001,60,56.8,3.5294117647058703,0.058502340093603535,329.0,241.0,248.0
CB-2775,Cameron,Brate,Cameron Brate,TE,0.8,59,54.3,5.448166480660447,0.0911855007705372,312.0,245.0,254.0
AW-1650,Albert,Wilson,Albert Wilson,WR,1.4,59,45.0,14.424427807331085,0.2427356617399616,290.0,245.0,288.0
TG-0900,Ted,Ginn,Ted Ginn,WR,10.1,59,45.8,13.914797645807262,0.2330209293907615,98.0,245.0,284.0
RP-0550,Rashaad,Penny,Rashaad Penny,RB,1.8,59,67.49999999999999,-8.017647058823513,-0.13479034810126556,273.0,245.0,222.0
HH-0225,Hunter,Henry,Hunter Henry,TE,6.0,59,89.2,-29.869387755102053,-0.5034397358282885,175.0,245.0,165.0
CS-0050,Curtis,Samuel,Curtis Samuel,WR,3.2,58,114.5,-55.8818181818182,-0.9533188585607943,238.0,250.0,117.0
CP-0575,Cody,Parkey,Cody Parkey,K,6.0,58,12.0,46.41575621068478,0.7945759709637193,175.0,250.0,442.0
CS-0250,Cairo,Santos,Cairo Santos,K,13.0,58,10.0,48.204567819833755,0.8281921784737931,72.0,250.0,449.0
CA-0750,C.J.,Anderson,C.J. Anderson,RB,3.5,57,0.8,56.25494682490824,0.9859784287862879,234.0,253.0,589.0
NF-0300,Nick,Folk,Nick Folk,K,8.0,56,59.0,-2.731248378753662,-0.04853934555253895,133.0,254.0,240.0
TY-0150,T.J.,Yeldon,T.J. Yeldon,RB,0.0,56,16.7,40.23678420782089,0.7066922511983725,348.0,254.0,413.0
WS-0650,Wendell,Smallwood,Wendell Smallwood,RB,0.0,56,14.500000000000002,41.59795918367347,0.7415235739231665,348.0,254.0,425.0
DG-1287,Dallas,Goedert,Dallas Goedert,TE,1.6,55,85.1,-29.570588235294107,-0.5325211864406778,282.0,257.0,176.0
DJ-0887,D'Ernest,Johnson,D'Ernest Johnson,RB,3.6,54,5.6,48.4,0.8962962962962963,229.0,258.0,498.0
WG-0050,Wayne,Gallman,Wayne Gallman,RB,10.1,54,27.1,26.96060606060605,0.4987107623318385,98.0,258.0,353.0
KF-0250,Kai,Forbath,Kai Forbath,K,4.0,53,49.0,4.579803168773651,0.08547629699846983,210.0,260.0,271.0
SR-0750,Seth,Roberts,Seth Roberts,WR,1.0,52,38.1,14.60724690258504,0.27713925050159705,303.0,261.0,311.0
TS-3656,Tommy,Sweeney,Tommy Sweeney,TE,3.5,52,7.899999999999999,44.6,0.8495238095238096,234.0,261.0,474.0
MG-1050,Marquise,Goodwin,Marquise Goodwin,WR,0.7,50,25.4,25.461340820789356,0.5006030200914825,321.0,263.0,363.0
AB-3500,Antonio,Brown,Antonio Brown,WR,0.0,50,12.1,38.319569468498244,0.7600138175007625,348.0,263.0,440.0
JG-2450,Josh,Gordon,Josh Gordon,WR,13.3,49,33.4,15.805468907952314,0.3212136630080549,71.0,265.0,329.0
JJ-0575,Justin,Jackson,Justin Jackson,RB,6.1000000000000005,49,16.1,33.029411764705884,0.672294061302682,171.0,265.0,416.0
CC-3950,Chris,Conley,Chris Conley,WR,15.7,49,99.8,-50.32820687890053,-1.0173111525532277,58.0,265.0,149.0
PD-0800,Phillip,Dorsett,Phillip Dorsett,WR,23.5,48,50.3,-1.9163038611412018,-0.03960639665976542,21.0,268.0,266.0
TB-1060,Travis,Benjamin,Travis Benjamin,WR,1.2,48,1.8,46.566518050432215,0.962784172345772,297.0,268.0,551.0
CC-2100,Charles,Clay,Charles Clay,TE,0.5,48,29.2,18.947557446360587,0.3935310211212554,332.0,268.0,346.0
BP-0450,Breshad,Perriman,Breshad Perriman,WR,1.0,48,101.1,-52.225368028879174,-1.0685577757340092,303.0,268.0,145.0
KB-1625,Kendrick,Bourne,Kendrick Bourne,WR,0.9,48,66.9,-18.754545454545454,-0.3895392749244713,309.0,268.0,225.0
CT-1220,Chris,Thompson,Chris Thompson,RB,7.8,47,43.8,3.3268996238708435,0.07059449381188856,141.0,273.0,296.0
DL-1700,Dion,Lewis,Dion Lewis,RB,1.2999999999999998,47,40.0,7.695042672753317,0.16133841677322272,295.0,273.0,308.0
MN-0800,Mike,Nugent,Mike Nugent,K,9.0,47,21.0,26.57627606391907,0.5586035365234061,117.0,273.0,386.0
JJ-0725,Jesse,James,Jesse James,TE,1.5,46,12.7,33.661419987678535,0.7260653361485632,285.0,276.0,435.0
DW-0500,Delanie,Walker,Delanie Walker,TE,17.5,46,16.0,30.949162393808365,0.6592058476828103,43.0,276.0,417.0
DS-3300,Darren,Sproles,Darren Sproles,RB,8.3,46,2.7,43.48588478118181,0.9415405807901702,130.0,276.0,532.0
JD-2550,Jack,Doyle,Jack Doyle,TE,2.0,46,66.8,-20.22114238440989,-0.4341270572003425,267.0,276.0,226.0
KH-0525,Kelvin,Harmon,Kelvin Harmon,WR,3.1,46,33.84,12.660000000000005,0.2722580645161291,241.0,276.0,325.0
JR-3280,John,Ross,John Ross,WR,29.8,45,41.2,3.842424242424237,0.08530678148546812,10.0,281.0,304.0
DW-3987,Damion,Willis,Damion Willis,WR,3.0,45,5.199999999999998,39.8,0.8844444444444444,243.0,281.0,502.0
RH-1950,Rashard,Higgins,Rashard Higgins,WR,4.6,44,6.9,37.214285714285715,0.8435880829015544,201.0,283.0,479.0
VM-0250,Vance,McDonald,Vance McDonald,TE,4.0,44,41.49999999999999,2.7660480499267592,0.0624868984646425,210.0,283.0,302.0
GE-0400,Gerald,Everett,Gerald Everett,TE,0.7,44,52.1,-7.493939393939384,-0.16800271739130415,321.0,283.0,263.0
JW-6560,Jarius,Wright,Jarius Wright,WR,1.4,44,27.499999999999996,16.948042738437653,0.3813000909437431,290.0,283.0,351.0
CP-0750,Cordarrelle,Patterson,Cordarrelle Patterson,WR,0.09999999999999998,44,24.500000000000004,20.121099321544172,0.4509323980691172,347.0,283.0,370.0
JM-1550,Jordan,Matthews,Jordan Matthews,WR,0.0,44,3.3000000000000003,41.456570059061065,0.9262678083766184,348.0,283.0,523.0
SP-0825,Samaje,Perine,Samaje Perine,RB,0.0,43,1.6,42.13333333333333,0.9634146341463414,348.0,289.0,559.0
JR-1950,Josh,Reynolds,Josh Reynolds,WR,0.0,42,40.90000000000001,1.4757575757575694,0.034825514874141726,348.0,290.0,306.0
DF-0550,Darren,Fells,Darren Fells,TE,0.0,42,76.10000000000002,-33.72250540256501,-0.7957644906314529,348.0,290.0,198.0
IT-0150,Ian,Thomas,Ian Thomas,TE,0.0,42,19.6,23.035294117647066,0.5402869757174393,348.0,290.0,393.0
BW-0700,Benjamin,Watson,Benjamin Watson,TE,0.0,42,17.299999999999994,25.594752874970432,0.5966872673115518,348.0,290.0,408.0
JT-1775,Jordan,Thomas,Jordan Thomas,TE,0.0,42,0.8,42.02352941176471,0.9813186813186814,348.0,290.0,589.0
DW-1350,DeAndre,Washington,DeAndre Washington,RB,0.8,42,85.10000000000002,-42.520408163265294,-0.9986100460122692,312.0,290.0,175.0
TT-0150,Taywan,Taylor,Taywan Taylor,WR,0.0,41,0.0,41.696969696969695,1.0,348.0,296.0,618.0
CR-1525,Chester,Rogers,Chester Rogers,WR,0.0,41,29.7,12.291836734693875,0.2927196734059098,348.0,296.0,340.0
JW-3325,Jordan,Wilkins,Jordan Wilkins,RB,0.0,41,47.0,-5.494117647058822,-0.13236961451247162,348.0,296.0,280.0
PR-0150,Paul,Richardson,Paul Richardson,WR,3.6,41,32.9,8.191891378164293,0.19935542277125165,229.0,296.0,330.0
CE-0175,Chase,Edmonds,Chase Edmonds,RB,0.5,41,70.30000000000001,-29.264705882352963,-0.7131594036697252,332.0,296.0,215.0
MM-4700,Matt,Moore,Matt Moore,QB,-0.1,41,45.36,-3.55277045011519,-0.08497981063002485,642.0,296.0,286.0
JH-4085,Justice,Hill,Justice Hill,RB,2.7,40,38.8,1.7000000000000028,0.04197530864197538,253.0,302.0,310.0
MS-0125,Miles,Sanders,Miles Sanders,RB,2.7,40,167.99999999999997,-127.49999999999996,-3.1481481481481475,253.0,302.0,49.0
AM-2850,Alfred,Morris,Alfred Morris,RB,0.0,40,0.4,39.7843624830246,0.9900458791608558,348.0,302.0,604.0
RS-0687,Ricky,Seals-Jones,Ricky Seals-Jones,TE,0.0,38,44.89999999999999,-6.887878787878782,-0.18120216836734684,348.0,305.0,290.0
DJ-1675,Diontae,Johnson,Diontae Johnson,WR,2.5,37,105.6,-68.10000000000001,-1.8160000000000005,258.0,306.0,137.0
TE-0300,Tyler,Eifert,Tyler Eifert,TE,2.7,37,60.9,-23.520972594618808,-0.6292558749464052,253.0,306.0,236.0
DM-3050,David,Moore,David Moore,WR,0.0,36,44.6,-8.236363636363635,-0.2264999999999999,348.0,308.0,294.0
NF-0175,Noah,Fant,Noah Fant,TE,2.4,36,70.6,-34.599999999999994,-0.9611111111111108,259.0,308.0,213.0
JS-4550,Jonnu,Smith,Jonnu Smith,TE,1.7,36,70.0,-33.53939393939394,-0.9198803191489362,277.0,308.0,216.0
TP-1650,Tony,Pollard,Tony Pollard,RB,2.4,36,73.8,-37.8,-1.0499999999999998,259.0,308.0,203.0
LK-0200,Lance,Kendricks,Lance Kendricks,TE,0.0,35,5.0,30.466045272350307,0.8590200863500828,348.0,312.0,504.0
TS-1262,Tajae,Sharpe,Tajae Sharpe,WR,0.0,35,56.9,-21.144897959183677,-0.5913812785388128,348.0,312.0,246.0
TM-3150,Ty,Montgomery,Ty Montgomery,RB,0.4,35,18.9,16.291664218902582,0.4629409998221056,337.0,312.0,401.0
JB-6750,Jaron,Brown,Jaron Brown,WR,0.0,35,32.0,3.770443660020831,0.10540667864947124,348.0,312.0,333.0
RG-1870,Ryan,Griffin,Ryan Griffin,TE,1.0,34,62.99999999999999,-28.060339848697186,-0.8031085513477979,303.0,316.0,229.0
BH-1900,Brian,Hoyer,Brian Hoyer,QB,0.0,34,21.08,12.977867718338961,0.3810534419144166,348.0,316.0,385.0
DH-1050,DaeSean,Hamilton,DaeSean Hamilton,WR,0.5,34,35.2,-0.5647058823529463,-0.016304347826087102,332.0,316.0,321.0
DC-1418,D.J.,Chark,D.J. Chark,WR,20.6,33,132.20000000000002,-98.31764705882357,-2.9017361111111115,30.0,319.0,87.0
JM-4162,Jakobi,Meyers,Jakobi Meyers,WR,2.2,33,33.7,-0.7000000000000028,-0.021212121212121297,264.0,319.0,327.0
KC-2375,Keke,Coutee,Keke Coutee,WR,0.0,32,30.8,1.8588235294117688,0.056916426512968424,348.0,321.0,336.0
TH-1550,Tyler,Higbee,Tyler Higbee,TE,8.0,32,83.4,-51.00816326530613,-1.574722782258065,133.0,321.0,180.0
CH-3350,Chris,Hogan,Chris Hogan,WR,0.0,32,6.700000000000001,25.989669561386105,0.7950422843088565,348.0,321.0,481.0
GA-0250,Geronimo,Allison,Geronimo Allison,WR,0.0,32,41.40000000000001,-8.81224489795919,-0.27041583166332683,348.0,321.0,303.0
JH-1350,Justin,Hardy,Justin Hardy,WR,4.1,32,15.4,17.169427886605266,0.5271639387213948,208.0,321.0,420.0
JA-1025,Javorius,Allen,Javorius Allen,RB,0.0,31,10.500000000000002,20.82436738014222,0.6647976997404144,348.0,326.0,447.0
ML-1500,Marcedes,Lewis,Marcedes Lewis,TE,1.4,31,20.2,11.588367462158205,0.36454742370627663,290.0,326.0,390.0
KB-0150,Kalen,Ballage,Kalen Ballage,RB,1.2,31,36.6,-4.6941176470588255,-0.14712389380530974,297.0,326.0,314.0
TB-3950,Trey,Burton,Trey Burton,TE,0.0,31,8.399999999999999,23.15929032266141,0.7338343190192617,348.0,326.0,470.0
FM-0675,Foster,Moreau,Foster Moreau,TE,2.0,30,45.4,-15.4,-0.5133333333333333,267.0,330.0,285.0
DI-0075,Dontrelle,Inman,Dontrelle Inman,WR,0.5,30,17.6,12.856642508506772,0.4221293435386325,332.0,330.0,406.0
JW-0934,James,Washington,James Washington,WR,5.1,30,86.39999999999998,-55.529411764705856,-1.7987804878048776,193.0,330.0,172.0
JW-4975,Jeff,Wilson,Jeff Wilson,RB,0.0,30,43.90000000000001,-13.405882352941186,-0.4396219135802471,348.0,330.0,295.0
RJ-0450,Richie,James,Richie James,WR,9.9,30,12.500000000000002,18.464705882352934,0.5963145896656534,104.0,330.0,438.0
MB-3862,Malcolm,Brown,Malcolm Brown,RB,17.3,29,39.8,-10.351789003610607,-0.3515252252464447,45.0,335.0,309.0
AA-0025,Ameer,Abdullah,Ameer Abdullah,RB,0.8,29,23.500000000000004,5.853285388648497,0.1994081858691048,312.0,335.0,373.0
TC-0325,Trenton,Cannon,Trenton Cannon,RB,0.0,29,0.0,29.835294117647056,1.0,348.0,335.0,618.0
JG-2950,Jakeem,Grant,Jakeem Grant,WR,-2.3,29,29.200000000000006,0.3836734693877553,0.012969094922737309,650.0,335.0,345.0
SW-0350,Spencer,Ware,Spencer Ware,RB,0.0,28,7.300000000000002,21.412994477152825,0.7457597114850326,348.0,339.0,477.0
LW-1450,Luke,Willson,Luke Willson,TE,0.0,28,7.9,20.91743288040161,0.7258603834426662,348.0,339.0,473.0
BJ-0950,Blake,Jarwin,Blake Jarwin,TE,9.9,28,46.6,-18.18787878787878,-0.6401450511945389,104.0,339.0,282.0
CU-0150,C.J.,Uzomah,C.J. Uzomah,TE,6.6,28,29.6,-0.9123437881469698,-0.03180266039893534,163.0,339.0,342.0
MD-0150,Mike,Davis,Mike Davis,RB,3.6,28,1.3,27.102503263950343,0.9542293864762964,229.0,339.0,568.0
JM-2900,Josh,McCown,Josh McCown,QB,0.0,28,0.76,28.23424454569817,0.9737879012918528,348.0,339.0,593.0
JD-2850,Jeff,Driskel,Jeff Driskel,QB,0.0,27,58.1,-30.305714285714284,-1.0903577302631575,348.0,345.0,242.0
WD-0550,Will,Dissly,Will Dissly,TE,1.2,27,49.7,-22.594117647058827,-0.8335503472222223,297.0,345.0,268.0
KJ-1400,Kyle,Juszczyk,Kyle Juszczyk,RB,0.0,27,30.6,-2.9649232089519586,-0.10728840130860066,348.0,345.0,337.0
MS-0200,Matt,Schaub,Matt Schaub,QB,0.0,26,32.9,-6.117636528015126,-0.2284203384221244,348.0,348.0,330.0
CL-0275,Cody,Latimer,Cody Latimer,WR,7.4,26,34.6,-8.154352450370798,-0.3083438374903825,148.0,348.0,324.0
SD-0534,Seth,DeValve,Seth DeValve,TE,0.0,26,14.0,12.644897959183671,0.4745710784313725,348.0,348.0,428.0
ZZ-0100,Zach,Zenner,Zach Zenner,RB,0.0,26,1.7,25.203295207023622,0.9368107145642076,348.0,348.0,556.0
CM-2675,Chris,Moore,Chris Moore,WR,0.0,26,2.1,24.57755102040816,0.921282129742962,348.0,348.0,544.0
TS-1425,Trent,Sherfield,Trent Sherfield,WR,0.0,25,8.0,17.411764705882348,0.6851851851851851,348.0,353.0,472.0
DS-0150,Deebo,Samuel,Deebo Samuel,WR,1.7000000000000002,25,132.5,-107.0,-4.196078431372548,275.0,353.0,86.0
KA-0737,Kyle,Allen,Kyle Allen,QB,0.0,25,183.48,-157.56000000000003,-6.078703703703705,348.0,353.0,37.0
DR-2225,Demarcus,Robinson,Demarcus Robinson,WR,0.0,24,70.9,-46.08367346938776,-1.856990131578948,348.0,356.0,212.0
BF-0950,Bennie,Fowler,Bennie Fowler,WR,4.0,24,19.3,5.6000275731086715,0.22490045670296946,210.0,356.0,397.0
LT-0550,Levine,Toilolo,Levine Toilolo,TE,0.0,24,1.0,23.923874199390408,0.9598778266974056,348.0,356.0,581.0
PP-0350,Paul,Perkins,Paul Perkins,RB,0.0,24,3.8,20.820408163265306,0.84565649867374,348.0,356.0,519.0
HH-0350,Hayden,Hurst,Hayden Hurst,TE,4.1,24,44.8,-19.95294117647059,-0.8030303030303031,208.0,356.0,291.0
RG-1650,Ryan,Grant,Ryan Grant,WR,1.6,23,-0.2,23.859903877973558,1.0084531197181317,282.0,361.0,642.0
BB-2250,Brandon,Bolden,Brandon Bolden,RB,0.7,23,41.2,-17.39728813171386,-0.7308952117717884,321.0,361.0,304.0
JM-3475,J.D.,McKissic,J.D. McKissic,WR,2.4,22,47.399999999999984,-25.097959183673453,-1.125366032210834,259.0,363.0,279.0
GC-0350,Garrett,Celek,Garrett Celek,TE,0.0,22,0.0,22.174438449740403,1.0,348.0,363.0,618.0
JA-0462,Jordan,Akins,Jordan Akins,TE,1.7,22,54.1,-31.323529411764703,-1.3752582644628095,277.0,363.0,255.0
ML-2500,Marshawn,Lynch,Marshawn Lynch,RB,0.0,22,9.4,12.639947032928472,0.5735016973518101,348.0,363.0,458.0
JH-4070,Josh,Hill,Josh Hill,TE,-0.2,22,40.8,-18.59171366691589,-0.8371521056633472,644.0,363.0,307.0
NV-0050,Nick,Vannett,Nick Vannett,TE,1.6,22,15.0,7.236734693877555,0.3254405286343613,282.0,363.0,421.0
AS-0775,Adam,Shaheen,Adam Shaheen,TE,0.6,21,8.8,12.581818181818182,0.5884353741496599,330.0,369.0,468.0
RS-3525,Ryan,Switzer,Ryan Switzer,WR,2.9,21,-0.2,21.96969696969697,1.0091870824053453,248.0,369.0,642.0
NB-0450,Nick,Boyle,Nick Boyle,TE,2.6,21,41.5,-20.396634072065357,-0.966510941511288,257.0,369.0,301.0
TQ-0100,Trey,Quinn,Trey Quinn,WR,9.3,21,16.2,5.2588235294117665,0.2450657894736843,112.0,369.0,415.0
RJ-2250,Ronald,Jones,Ronald Jones,RB,9.3,21,126.0,-104.35294117647058,-4.820652173913043,112.0,369.0,95.0
RE-0400,Rhett,Ellison,Rhett Ellison,TE,0.8,21,21.9,-0.3858785003423719,-0.017936056573284332,312.0,369.0,381.0
MA-1287,Marcell,Ateman,Marcell Ateman,WR,0.0,20,9.6,10.541176470588235,0.5233644859813085,348.0,375.0,454.0
JH-3625,Jeff,Heuerman,Jeff Heuerman,TE,0.0,20,17.4,2.869527056813244,0.14156852544069118,348.0,375.0,407.0
MG-0325,Mike,Gesicki,Mike Gesicki,TE,3.1,20,81.9,-61.852941176470594,-3.0853873239436616,241.0,375.0,184.0
TJ-2350,T.J.,Jones,T.J. Jones,WR,0.0,19,9.8,9.430137631297118,0.4903832625695583,348.0,378.0,451.0
ZP-0050,Zach,Pascal,Zach Pascal,WR,0.0,19,94.30000000000004,-75.00303030303033,-3.886777638190956,348.0,378.0,158.0
HR-0062,Hunter,Renfrow,Hunter Renfrow,WR,1.3,19,87.2,-67.7,-3.4717948717948723,294.0,378.0,169.0
DW-1550,Dwayne,Washington,Dwayne Washington,RB,0.0,19,6.6,12.959183673469395,0.6625626043405678,348.0,378.0,482.0
CP-2550,C.J.,Prosise,C.J. Prosise,RB,0.0,19,18.8,0.4326530612244959,0.022495755517827138,348.0,378.0,402.0
TK-0850,Tyler,Kroft,Tyler Kroft,TE,0.0,18,12.6,5.722030973434446,0.31230331297501657,348.0,383.0,437.0
TP-0675,Tim,Patrick,Tim Patrick,WR,0.0,18,21.8,-3.763636363636362,-0.2086693548387096,348.0,383.0,382.0
LT-0862,Laquon,Treadwell,Laquon Treadwell,WR,0.0,18,26.4,-7.559183673469383,-0.4012131715771227,348.0,383.0,356.0
NO-0150,Nick,O'Leary,Nick O'Leary,TE,0.0,18,16.9,1.5516588747501388,0.08409319103950487,348.0,383.0,412.0
TH-1625,Taysom,Hill,Taysom Hill,QB,7.7,18,77.5,-58.94969696969697,-3.1778293256664925,143.0,383.0,195.0
TS-1450,Trevor,Siemian,Trevor Siemian,QB,0.0,17,0.12,17.127098110914243,0.9930423077999386,348.0,388.0,614.0
JB-2950,Josh,Bellamy,Josh Bellamy,WR,1.5,16,0.5,16.082161331176756,0.9698471152213476,285.0,389.0,599.0
IM-0125,Isaiah,McKenzie,Isaiah McKenzie,WR,0.0,16,36.3,-19.912121212121214,-1.2150517751479295,348.0,389.0,316.0
DH-1450,Demetrius,Harris,Demetrius Harris,TE,0.0,16,34.90000000000001,-18.75070737600327,-1.1610853684167572,348.0,389.0,322.0
VG-0300,Virgil,Green,Virgil Green,TE,0.4,16,13.4,3.1591242432594253,0.19077846127915746,337.0,389.0,430.0
TT-0500,Tyrod,Taylor,Tyrod Taylor,QB,0.0,16,6.02,10.850799131393426,0.6431704299769715,348.0,389.0,490.0
DR-0550,Damion,Ratley,Damion Ratley,WR,1.7,15,26.3,-11.147058823529413,-0.7356366459627329,277.0,394.0,358.0
DH-3137,Dontrell,Hilliard,Dontrell Hilliard,RB,7.8000000000000025,15,18.3,-2.9588235294117613,-0.19286809815950895,140.0,394.0,404.0
RG-1850,Robert,Griffin,Robert Griffin,QB,7.1000000000000005,15,9.0,6.854091725349424,0.4323232036301569,150.0,394.0,464.0
AE-1037,Alex,Erickson,Alex Erickson,WR,0.7999999999999998,15,52.44,-36.63591836734693,-2.3181301652892565,320.0,394.0,261.0
DH-1800,Dwayne,Harris,Dwayne Harris,WR,0.7,15,0.0,15.119761231541624,1.0,321.0,394.0,618.0
AS-0575,Austin,Seibert,Austin Seibert,K,1.0,15,111.0,-96.0,-6.4,303.0,394.0,126.0
RS-0975,Russell,Shepard,Russell Shepard,WR,0.0,14,2.5,12.282147747278216,0.8308770793837914,348.0,400.0,541.0
JH-5125,Johnny,Holton,Johnny Holton,WR,0.0,14,3.0,11.857142857142856,0.798076923076923,348.0,400.0,526.0
CC-4450,Cody,Core,Cody Core,WR,0.0,14,2.8,11.567346938775511,0.8051136363636364,348.0,400.0,531.0
MW-2450,Maxx,Williams,Maxx Williams,TE,1.5,14,24.700000000000006,-10.188620734214783,-0.7021124972067547,285.0,400.0,366.0
MH-3050,Mack,Hollins,Mack Hollins,WR,0.0,14,12.5,2.3363636363636355,0.1574754901960784,348.0,400.0,439.0
JO-0550,Jamize,Olawale,Jamize Olawale,RB,0.0,14,0.0,14.786722898483276,1.0,348.0,400.0,618.0
CW-2450,Chad,Williams,Chad Williams,WR,0.0,14,0.0,14.739393939393938,1.0,348.0,400.0,618.0
VS-0175,Vyncint,Smith,Vyncint Smith,WR,0.0,14,26.1,-11.888235294117644,-0.8365066225165559,348.0,400.0,360.0
DB-5912,Deontay,Burnett,Deontay Burnett,WR,0.0,13,4.8,8.658823529411766,0.6433566433566434,348.0,408.0,510.0
DT-0850,De'Anthony,Thomas,De'Anthony Thomas,WR,0.0,13,1.0,12.44705746769905,0.9256342882149434,348.0,408.0,581.0
AJ-0375,Andy,Janovich,Andy Janovich,RB,0.0,13,10.3,3.446938775510201,0.2507422802850355,348.0,408.0,448.0
AF-0550,Anthony,Firkser,Anthony Firkser,TE,0.0,13,26.4,-12.58181818181818,-0.9105263157894736,348.0,408.0,356.0
DW-3243,Darrel,Williams,Darrel Williams,RB,0.0,12,52.8,-40.470588235294116,-3.2824427480916034,348.0,412.0,260.0
MH-0225,Marvin,Hall,Marvin Hall,WR,0.0,12,34.800000000000004,-22.75102040816327,-1.888211382113821,348.0,412.0,323.0
YK-0100,Younghoe,Koo,Younghoe Koo,K,15.0,12,78.0,-65.87878787878788,-5.435,59.0,412.0,194.0
MA-0487,Mo,Alie-Cox,Mo Alie-Cox,TE,0.3,12,9.0,3.4121212121212117,0.27490234375,340.0,412.0,464.0
EP-0350,Elijhaa,Penny,Elijhaa Penny,RB,0.3,11,4.499999999999999,7.255102040816327,0.6171875000000001,340.0,416.0,514.0
SF-0050,Sam,Ficken,Sam Ficken,K,4.0,11,84.0,-72.89795918367345,-6.5661764705882355,210.0,416.0,179.0
PC-0050,Parris,Campbell,Parris Campbell,WR,0.7999999999999999,11,19.3,-7.300000000000002,-0.6083333333333336,319.0,416.0,397.0
JO-0150,James,O'Shaughnessy,James O'Shaughnessy,TE,3.2,11,24.1,-12.727227187156673,-1.1190962306732934,238.0,416.0,372.0
KB-0350,Kenjon,Barner,Kenjon Barner,RB,0.0,11,9.12,2.7646293091773977,0.2326222583183584,348.0,416.0,460.0
AC-0387,Austin,Carr,Austin Carr,WR,0.0,10,0.9,9.62121212121212,0.914458525345622,348.0,421.0,584.0
RA-1337,Ryquell,Armstead,Ryquell Armstead,RB,0.7,10,36.5,-26.0,-2.4761904761904763,321.0,421.0,315.0
DA-1650,Dan,Arnold,Dan Arnold,TE,0.0,10,24.7,-14.518181818181818,-1.425892857142857,348.0,421.0,367.0
GS-1400,Geoff,Swaim,Geoff Swaim,TE,1.7,10,4.800000000000002,5.366153846153846,0.5278450363196125,277.0,421.0,509.0
DS-0850,Dalton,Schultz,Dalton Schultz,TE,0.0,10,0.6,10.317647058823527,0.945043103448276,348.0,421.0,596.0
BH-1225,Brian,Hill,Brian Hill,RB,0.0,10,57.20000000000001,-46.58181818181819,-4.386986301369864,348.0,421.0,244.0
MB-0450,Matt,Barkley,Matt Barkley,QB,0.0,10,5.959999999999999,4.060003255605697,0.4051898140187056,348.0,421.0,493.0
AA-0557,Alex,Armah,Alex Armah,RB,6.1,9,1.6,8.145454545454546,0.8358208955223881,172.0,428.0,559.0
PR-0125,Patrick,Ricard,Patrick Ricard,RB,6.1,9,4.6000000000000005,4.757575757575755,0.5084196891191708,172.0,428.0,511.0
TJ-2275,Ty,Johnson,Ty Johnson,RB,0.6,9,35.6,-26.6,-2.955555555555556,330.0,428.0,318.0
DW-0675,Darren,Waller,Darren Waller,TE,7.0,9,124.1,-114.52461538461536,-11.960314910025703,153.0,428.0,99.0
DB-4387,Daniel,Brown,Daniel Brown,TE,0.0,9,13.2,-3.92,-0.4224137931034483,348.0,428.0,432.0
LS-1900,Luke,Stocker,Luke Stocker,TE,0.0,9,5.300000000000002,4.452366691827773,0.4565421740713194,348.0,428.0,501.0
BB-1550,Blake,Bell,Blake Bell,TE,0.7,9,5.999999999999999,3.452307692307694,0.36523437500000017,321.0,428.0,492.0
LS-1550,Lee,Smith,Lee Smith,TE,0.0,9,9.1,0.5781096160411838,0.0597337330301554,348.0,428.0,461.0
JK-0775,John,Kelly,John Kelly,RB,0.0,9,0.9,8.605882352941178,0.9053217821782178,348.0,428.0,584.0
RM-5050,Raheem,Mostert,Raheem Mostert,RB,4.0,9,153.20000000000005,-143.79692307692312,-15.29253926701571,210.0,428.0,57.0
MG-0850,Mike,Glennon,Mike Glennon,QB,0.0,8,4.24,3.9868631219863904,0.4846152248882628,348.0,438.0,516.0
RT-1250,Robert,Tonyan Jr.,Robert Tonyan Jr.,TE,2.8,8,13.2,-4.230303030303032,-0.4716216216216218,250.0,438.0,432.0
ML-0050,Matt,LaCosse,Matt LaCosse,TE,0.0,8,19.1,-10.927692307692306,-1.337161144578313,348.0,438.0,400.0
DB-6375,Damiere,Byrd,Damiere Byrd,WR,4.2,8,35.7,-26.764615384615393,-2.995351239669422,206.0,438.0,317.0
PD-0700,Patrick,DiMarco,Patrick DiMarco,RB,0.9,8,3.9,4.185027557611457,0.517626876073114,309.0,438.0,518.0
DC-0775,Derek,Carrier,Derek Carrier,TE,0.0,8,19.5,-11.47823440134525,-1.4308862880847777,348.0,438.0,395.0
JS-5475,Jeremy,Sprinkle,Jeremy Sprinkle,TE,0.8,8,29.3,-20.475757575757576,-2.3203983516483517,312.0,438.0,344.0
MW-0650,Mark,Walton,Mark Walton,RB,0.1,7,26.9,-19.74705882352941,-2.7606907894736845,345.0,445.0,355.0
PC-0625,Pharoh,Cooper,Pharoh Cooper,WR,0.0,7,30.5,-23.4469387755102,-3.3243634259259265,348.0,445.0,339.0
JM-4175,Jaydon,Mickens,Jaydon Mickens,WR,0.0,7,0.0,7.738775510204081,1.0,348.0,445.0,618.0
XG-0100,Xavier,Grimble,Xavier Grimble,TE,0.0,7,0.3,7.522222222222222,0.9616477272727272,348.0,445.0,611.0
RG-0025,Russell,Gage,Russell Gage,WR,1.2,7,48.6,-41.541176470588226,-5.884999999999998,297.0,445.0,275.0
CH-0525,C.J.,Ham,C.J. Ham,RB,0.0,7,20.6,-12.959183673469385,-1.6960470085470074,348.0,445.0,388.0
DJ-0850,Darius,Jennings,Darius Jennings,WR,0.0,7,1.7000000000000002,5.399076923076923,0.7605322468793343,348.0,445.0,553.0
ZL-0200,Zach,Line,Zach Line,RB,0.0,7,5.6000000000000005,2.195762419700622,0.28166102319277003,348.0,445.0,497.0
AS-0900,Anthony,Sherman,Anthony Sherman,RB,1.5,7,1.6,6.334407827258113,0.7983466397450217,285.0,445.0,559.0
TC-2375,Tyler,Conklin,Tyler Conklin,TE,0.0,7,5.8,1.447058823529411,0.1996753246753246,348.0,445.0,494.0
CD-0300,Chase,Daniel,Chase Daniel,QB,0.0,7,26.0,-18.275415788888935,-2.3658769571832137,348.0,445.0,361.0
BK-1050,Ben,Koyack,Ben Koyack,TE,0.0,6,0.9,5.967692307692308,0.8689516129032258,348.0,456.0,584.0
BH-2300,Brett,Hundley,Brett Hundley,QB,0.0,6,6.06,0.3376471203565705,0.052776765270815984,348.0,456.0,489.0
ET-0375,Eric,Tomlinson,Eric Tomlinson,TE,0.0,6,0.1,6.127692307692309,0.9839426877470356,348.0,456.0,615.0
BW-2475,Bobo,Wilson,Bobo Wilson,WR,0.0,6,1.5,5.1909090909090905,0.7758152173913043,348.0,456.0,563.0
MP-2350,MyCole,Pruitt,MyCole Pruitt,TE,0.0,6,15.0,-8.50153846153846,-1.308238636363636,348.0,456.0,421.0
TE-0025,Trey,Edmunds,Trey Edmunds,RB,0.0,6,14.0,-7.793939393939394,-1.255859375,348.0,456.0,428.0
MJ-1450,Marcus,Johnson,Marcus Johnson,WR,0.0,6,41.70000000000001,-35.0061224489796,-5.229573170731709,348.0,456.0,299.0
AM-1150,A.J.,McCarron,A.J. McCarron,QB,0.0,5,17.9,-12.335411429405214,-2.2167697167387743,348.0,463.0,405.0
JP-2075,Josh,Perkins,Josh Perkins,TE,0.0,5,14.7,-9.181632653061223,-1.6638313609467452,348.0,463.0,423.0
ML-0650,Marqise,Lee,Marqise Lee,WR,0.0,5,1.9,3.1973424494266505,0.6272567482269683,348.0,463.0,550.0
TJ-2400,Taiwan,Jones,Taiwan Jones,RB,0.0,5,4.9,0.9542635658914732,0.16300317796610175,348.0,463.0,507.0
DF-1375,D.J.,Foster,D.J. Foster,RB,0.0,5,0.0,5.812244897959182,1.0,348.0,463.0,618.0
DW-1750,Derek,Watt,Derek Watt,RB,0.4,5,9.8,-4.477551020408165,-0.841257668711657,337.0,463.0,451.0
JF-1250,Josh,Ferguson,Josh Ferguson,RB,0.0,5,0.9,4.8795918367346935,0.8442796610169491,348.0,463.0,584.0
TD-0737,Trevor,Davis,Trevor Davis,WR,2.8,5,19.6,-13.885714285714286,-2.43,250.0,463.0,393.0
LT-0275,Logan,Thomas,Logan Thomas,TE,0.0,5,23.3,-17.5241975308642,-3.0340714774281814,348.0,463.0,374.0
DT-1231,Darwin,Thompson,Darwin Thompson,RB,0.3,4,22.8,-18.3,-4.066666666666666,340.0,472.0,378.0
JK-2250,Jake,Kumerow,Jake Kumerow,WR,0.0,4,27.9,-23.39538461538461,-5.193647540983607,348.0,472.0,348.0
JD-1650,James,Develin,James Develin,RB,0.0,4,0.3,4.5914310276508346,0.9386682550966934,348.0,472.0,611.0
MB-2950,Mike,Boone,Mike Boone,RB,0.0,4,47.0,-42.482352941176465,-9.403645833333332,348.0,472.0,280.0
DS-3031,Devin,Smith,Devin Smith,WR,0.0,4,19.3,-14.992307692307696,-3.480357142857144,348.0,472.0,397.0
DS-3137,Durham,Smythe,Durham Smythe,TE,0.0,4,6.5,-1.7941176470588234,-0.38125,348.0,472.0,485.0
DC-1050,DeAndre,Carter,DeAndre Carter,WR,-0.1,4,14.3,-9.327692307692312,-1.8759282178217829,642.0,472.0,426.0
JH-4850,Jacob,Hollister,Jacob Hollister,TE,0.0,4,52.89999999999999,-48.1,-10.020833333333334,348.0,472.0,259.0
CB-1152,Chad,Beebe,Chad Beebe,WR,0.9,4,6.1,-1.5823529411764694,-0.35026041666666635,309.0,472.0,487.0
CM-0175,Chris,Manhertz,Chris Manhertz,TE,0.0,3,1.1,2.0407407407407407,0.6497641509433962,348.0,481.0,575.0
SS-1525,Scott,Simonson,Scott Simonson,TE,0.0,3,1.1,1.9814814814814812,0.6430288461538461,348.0,481.0,575.0
MB-5175,Mike,Burton,Mike Burton,RB,0.0,3,0.0,3.0523076923076924,1.0,348.0,481.0,618.0
AT-0247,Auden,Tate,Auden Tate,WR,0.0,3,61.50000000000001,-58.20588235294118,-17.669642857142858,348.0,481.0,235.0
DC-0025,Deon,Cain,Deon Cain,WR,3.5,3,8.9,-5.605882352941177,-1.7017857142857145,234.0,481.0,466.0
JW-5475,Javon,Wims,Javon Wims,WR,0.0,3,24.6,-21.588235294117645,-7.167968750000001,348.0,481.0,369.0
AA-0581,Antony,Auclair,Antony Auclair,TE,0.0,3,1.1,2.439393939393939,0.6892123287671232,348.0,481.0,575.0
MT-0887,Mike,Thomas,Mike Thomas,WR,0.0,3,1.4,2.1918367346938776,0.6102272727272727,348.0,481.0,565.0
JW-4625,Jonathan,Williams,Jonathan Williams,RB,0.0,3,35.4,-31.644897959183673,-8.42717391304348,348.0,481.0,320.0
RN-1250,Roosevelt,Nix,Roosevelt Nix,RB,0.0,3,0.4,3.3333333333333326,0.8928571428571429,348.0,481.0,604.0
CW-0225,Clive,Walford,Clive Walford,TE,0.0,3,5.7,-2.236623510718349,-0.6457927740862657,348.0,481.0,495.0
DG-3200,Derrius,Guice,Derrius Guice,RB,3.8,3,48.6,-45.023529411764706,-12.588815789473687,225.0,481.0,275.0
BZ-0100,Brandon,Zylstra,Brandon Zylstra,WR,0.0,2,10.6,-8.435294117647059,-3.896739130434783,348.0,493.0,446.0
EP-0512,Eddy,Pineiro,Eddy Pineiro,K,3.0,2,95.0,-92.17647058823529,-32.64583333333333,243.0,493.0,155.0
TE-0350,Tyler,Ervin,Tyler Ervin,RB,0.0,2,2.1,0.05510204081632697,0.025568181818182014,348.0,493.0,544.0
BB-2712,Ben,Braunecker,Ben Braunecker,TE,0.0,2,11.9,-9.189795918367349,-3.3908132530120487,348.0,493.0,443.0
ES-0250,Eric,Saubert,Eric Saubert,TE,0.0,2,2.1,0.2272727272727271,0.09765624999999993,348.0,493.0,544.0
RT-1550,Ross,Travis,Ross Travis,TE,0.0,2,3.1,-0.8600000000000008,-0.3839285714285719,348.0,493.0,524.0
AT-0160,Alex,Tanney,Alex Tanney,QB,0.0,1,0.04,1.087079646017699,0.9645100502512562,348.0,499.0,617.0
DW-2350,DeAndrew,White,DeAndrew White,WR,0.0,1,2.0,-0.966153846153846,-0.9345238095238096,348.0,499.0,549.0
SM-0425,Sean,Mannion,Sean Mannion,QB,0.0,1,-1.46,2.720307692307692,2.158447265625,348.0,499.0,647.0
DO-0025,Dare,Ogunbowale,Dare Ogunbowale,RB,3.3,1,36.99999999999999,-35.39999999999999,-22.125,237.0,499.0,313.0
KS-1450,Keith,Smith,Keith Smith,RB,0.0,1,2.1,-0.6382716049382717,-0.4366554054054055,348.0,499.0,544.0
DT-1992,De'Lance,Turner,De'Lance Turner,RB,0.0,1,0.6,1.3764705882352937,0.6964285714285713,348.0,499.0,596.0
DK-0950,Dawson,Knox,Dawson Knox,TE,0.1,1,51.6,-50.1,-33.4,345.0,499.0,264.0
TL-1037,T.J.,Logan,T.J. Logan,RB,0.0,1,2.3000000000000003,-0.4090909090909094,-0.216346153846154,348.0,499.0,542.0
TS-3662,Tyrone,Swoopes,Tyrone Swoopes,TE,0.0,1,0.5,0.615151515151515,0.5516304347826086,348.0,499.0,599.0
DV-0550,Dan,Vitale,Dan Vitale,RB,0.0,1,10.0,-8.43265306122449,-5.380208333333334,348.0,499.0,449.0
TP-1950,Troymaine,Pope,Troymaine Pope,RB,0.0,1,7.4,-5.800000000000002,-3.6250000000000013,348.0,499.0,476.0
DD-0075,Darrell,Daniels,Darrell Daniels,TE,0.0,1,0.4,0.8606060606060605,0.6826923076923076,348.0,499.0,604.0
RM-2050,Ray-Ray,McCloud,Ray-Ray McCloud,RB,0.0,1,-2.0,3.882352941176471,2.0625,348.0,499.0,650.0
RD-2300,Ross,Dwelley,Ross Dwelley,TE,0.0,1,21.1,-19.782352941176477,-15.013392857142858,348.0,499.0,384.0
SC-1850,Sean,Culkin,Sean Culkin,TE,0.0,1,1.2,-0.036363636363636376,-0.031250000000000014,348.0,499.0,571.0
NB-0200,Nick,Bellore,Nick Bellore,RB,0.0,1,8.3,-7.072093023255816,-5.759469696969697,348.0,499.0,471.0
TL-1062,Ty,Long,Ty Long,K,7.0,1,27.0,-25.27692307692308,-14.669642857142856,153.0,499.0,354.0
MT-2350,Malik,Turner,Malik Turner,WR,0.0,1,30.500000000000004,-28.617647058823533,-15.203125000000002,348.0,499.0,338.0
KH-2025,Khadarel,Hodge,Khadarel Hodge,WR,0.0,1,5.699999999999998,-4.1,-2.5625,348.0,499.0,496.0
AD-1587,Ashton,Dulin,Ashton Dulin,WR,0.0,0,1.7000000000000002,-1.7000000000000002,-inf,348.0,518.0,553.0
GD-0050,Geremy,Davis,Geremy Davis,WR,0.0,0,3.8,-3.2830769230769237,-6.351190476190474,348.0,518.0,519.0
GG-0310,Garrett,Gilbert,Garrett Gilbert,QB,0.0,0,-0.30000000000000004,0.6160493827160494,1.94921875,348.0,518.0,645.0
AH-3450,Alexander,Hollins,Alexander Hollins,WR,0.0,0,4.6,-4.6,-inf,348.0,518.0,512.0
SC-0175,Stephen,Carlson,Stephen Carlson,TE,0.0,0,11.099999999999998,-11.099999999999998,-inf,348.0,518.0,445.0
BA-0375,Brandon,Allen,Brandon Allen,QB,0.0,0,33.5,-33.5,,348.0,518.0,328.0
AI-0100,Andy,Isabella,Andy Isabella,WR,0.0,0,28.40000000000001,-28.40000000000001,-inf,348.0,518.0,347.0
ZG-0012,Zach,Gentry,Zach Gentry,TE,0.0,0,0.4,-0.4,-inf,348.0,518.0,604.0
JN-0350,JoJo,Natson,JoJo Natson,WR,0.0,0,0.0,0.6303030303030303,1.0,348.0,518.0,618.0
JS-6325,Jace,Sternberger,Jace Sternberger,TE,0.0,0,0.0,0.0,,348.0,518.0,618.0
PL-0012,Patrick,Laird,Patrick Laird,RB,0.0,0,45.2,-45.2,-inf,348.0,518.0,287.0
QO-0200,Qadree,Ollison,Qadree Ollison,RB,0.0,0,29.7,-29.7,-inf,348.0,518.0,340.0
TB-2093,Tim,Boyle,Tim Boyle,QB,0.0,0,-0.10000000000000003,0.10000000000000003,,348.0,518.0,641.0
TB-2775,Tony,Brooks-James,Tony Brooks-James,RB,0.0,0,2.7,-2.7,-inf,348.0,518.0,532.0
TH-2337,Travis,Homer,Travis Homer,RB,0.0,0,17.0,-17.0,-inf,348.0,518.0,410.0
MS-2100,Matthew,Slater,Matthew Slater,WR,0.0,0,0.0,-0.027118644067796637,1.0,348.0,518.0,618.0
MR-2350,Mason,Rudolph,Mason Rudolph,QB,0.0,0,111.9,-111.9,,348.0,518.0,123.0
KS-1375,Kaden,Smith,Kaden Smith,TE,0.0,0,44.8,-44.8,-inf,348.0,518.0,291.0
TW-1325,Trevon,Wesco,Trevon Wesco,RB,0.0,0,4.9,-4.9,-inf,348.0,518.0,507.0
CJ-2075,Charles,Jones,Charles Jones,TE,0.0,0,0.5,-0.5,-inf,348.0,518.0,599.0
DS-0050,Drew,Sample,Drew Sample,TE,0.0,0,3.0,-3.0,-inf,348.0,518.0,526.0
LF-0025,Luke,Falk,Luke Falk,QB,0.0,0,8.64,-8.64,,348.0,518.0,469.0
HH-0237,Hale,Hentges,Hale Hentges,TE,0.0,0,16.3,-16.3,-inf,348.0,518.0,414.0
IN-0050,Isaac,Nauta,Isaac Nauta,TE,0.0,0,1.3,-1.3,-inf,348.0,518.0,568.0
IS-0275,Irv,Smith Jr.,Irv Smith Jr.,TE,0.0,0,43.1,-43.1,-inf,348.0,518.0,297.0
JH-5350,Jesper,Horsted,Jesper Horsted,TE,0.0,0,12.7,-12.7,-inf,348.0,518.0,435.0
WH-0762,Wes,Hills,Wes Hills,RB,0.0,0,14.2,-14.2,-inf,348.0,518.0,427.0
JO-0562,Josh,Oliver,Josh Oliver,TE,0.0,0,1.5,-1.5,-inf,348.0,518.0,563.0
DS-1862,Darrius,Shepherd,Darrius Shepherd,WR,0.0,0,-1.9,1.9,inf,348.0,518.0,649.0
RG-1885,Ryan,Griffin,Ryan Griffin,QB,0.0,0,0.62,-0.62,,348.0,518.0,595.0
DS-3187,Diontae,Spencer,Diontae Spencer,WR,0.0,0,1.7,-1.7,,348.0,518.0,556.0
MH-0875,Mecole,Hardman,Mecole Hardman,WR,0.0,0,101.5,-101.5,-inf,348.0,518.0,144.0
MW-0350,Michael,Walker,Michael Walker,WR,0.0,0,-2.5,2.5,inf,348.0,518.0,652.0
NH-0825,N'Keal,Harry,N'Keal Harry,WR,0.0,0,27.4,-27.4,-inf,348.0,518.0,352.0
NW-0325,Nsimba,Webster,Nsimba Webster,WR,0.0,0,0.0,0.0,,348.0,518.0,618.0
OJ-0050,Olabisi,Johnson,Olabisi Johnson,WR,0.0,0,48.0,-48.0,-inf,348.0,518.0,277.0
KV-0250,Kaare,Vedvik,Kaare Vedvik,K,-1.0,0,0.0,-0.9411764705882352,1.0,648.0,518.0,618.0
OZ-0100,Olamide,Zaccheaus,Olamide Zaccheaus,WR,0.0,0,19.5,-19.5,-inf,348.0,518.0,395.0
RR-0650,Riley,Ridley,Riley Ridley,WR,0.0,0,6.9,-6.9,-inf,348.0,518.0,479.0
SM-2653,Scott,Miller,Scott Miller,WR,0.0,0,27.6,-27.6,-inf,348.0,518.0,350.0
SM-3250,Stanley,Morgan Jr.,Stanley Morgan Jr.,WR,0.0,0,1.7999999999999998,-1.7999999999999998,-inf,348.0,518.0,552.0
SS-0650,Spencer,Schnell,Spencer Schnell,WR,0.0,0,0.0,0.0,,348.0,518.0,618.0
SS-1537,Steven,Sims Jr.,Steven Sims Jr.,WR,0.0,0,77.5,-77.5,-inf,348.0,518.0,195.0
TF-1450,Travis,Fulgham,Travis Fulgham,WR,0.0,0,0.0,0.0,,348.0,518.0,618.0
RS-3400,Ryan,Succop,Ryan Succop,K,2.0,0,25.0,-25.0,,267.0,518.0,365.0
LH-1950,Lil'Jordan,Humphrey,Lil'Jordan Humphrey,WR,0.0,0,0.0,0.0,,348.0,518.0,618.0
TA-1050,Tavon,Austin,Tavon Austin,WR,0.8,0,35.6,-35.6,,312.0,518.0,318.0
CM-1500,Colt,McCoy,Colt McCoy,QB,0.0,0,4.16,-4.16,,348.0,518.0,517.0
AR-1100,Andre,Roberts,Andre Roberts,WR,0.0,0,2.7,-2.7,,348.0,518.0,532.0
TH-2875,Tanner,Hudson,Tanner Hudson,TE,0.0,0,2.6,-2.6,,348.0,518.0,538.0
DS-2275,Darius,Slayton,Darius Slayton,WR,0.0,0,124.0,-124.0,-inf,348.0,518.0,100.0
DF-2200,Devin,Funchess,Devin Funchess,WR,3.2,0,0.0,0.0,,238.0,518.0,618.0
GD-0450,Greg,Dortch,Greg Dortch,WR,0.0,0,-2.0,2.0,inf,348.0,518.0,650.0
GO-0150,Gunner,Olszewski,Gunner Olszewski,WR,0.0,0,1.4,-1.4,-inf,348.0,518.0,565.0
NF-0250,Nick,Foles,Nick Foles,QB,7.0,0,33.74,-33.74,,153.0,518.0,326.0
IH-0200,Ishmael,Hyman,Ishmael Hyman,WR,0.0,0,3.4,-3.4,-inf,348.0,518.0,522.0
JA-1975,J.J.,Arcega-Whiteside,J.J. Arcega-Whiteside,WR,0.0,0,22.9,-22.9,-inf,348.0,518.0,376.0
JG-4200,Jalen,Guyton,Jalen Guyton,WR,0.0,0,0.0,0.0,,348.0,518.0,618.0
JM-5750,Jason,Moore,Jason Moore,WR,0.0,0,4.3,-4.3,-inf,348.0,518.0,515.0
JS-4212,Jeff,Smith,Jeff Smith,WR,0.0,0,1.2,-1.2,-inf,348.0,518.0,571.0
JU-0400,John,Ursua,John Ursua,WR,0.0,0,1.1,-1.1,-inf,348.0,518.0,575.0
JW-5637,Juwann,Winfree,Juwann Winfree,WR,0.0,0,0.0,0.0,,348.0,518.0,618.0
KD-1456,Keelan,Doss,Keelan Doss,WR,0.0,0,13.3,-13.3,-inf,348.0,518.0,431.0
DH-1487,Deonte,Harris,Deonte Harris,WR,0.0,0,9.5,-9.5,-inf,348.0,518.0,456.0
MG-0293,Myles,Gaskin,Myles Gaskin,RB,0.0,0,24.4,-24.4,-inf,348.0,518.0,371.0
TF-1500,Troy,Fumagalli,Troy Fumagalli,TE,0.0,0,9.8,-9.8,,348.0,518.0,451.0
KB-1225,Khari,Blasingame,Khari Blasingame,RB,0.0,0,5.4,-5.4,-inf,348.0,518.0,500.0
JV-0050,Jason,Vander Laan,Jason Vander Laan,TE,0.0,0,0.0,0.0,,348.0,518.0,618.0
JH-5150,J.P.,Holtz,J.P. Holtz,TE,0.0,0,9.1,-9.1,,348.0,518.0,461.0
JW-1050,Justin,Watson,Justin Watson,WR,0.0,0,27.9,-27.429411764705893,-58.28750000000001,348.0,518.0,348.0
JS-1350,Jaleel,Scott,Jaleel Scott,WR,0.0,0,0.6,-0.6,,348.0,518.0,596.0
DS-0875,Da'Mari,Scott,Da'Mari Scott,WR,0.0,0,2.7,-2.7,,348.0,518.0,532.0
TJ-2650,Tevin,Jones,Tevin Jones,WR,0.0,0,6.1,-6.1,,348.0,518.0,487.0
RO-0550,Ricky,Ortiz,Ricky Ortiz,RB,0.0,0,0.8,-0.2666666666666667,-0.5000000000000001,348.0,518.0,589.0
BS-0825,Bo,Scarbrough,Bo Scarbrough,RB,0.0,0,42.2,-42.2,,348.0,518.0,298.0
BS-1450,Boston,Scott,Boston Scott,RB,0.0,0,72.9,-72.9,,348.0,518.0,205.0
CW-3250,Cedrick,Wilson,Cedrick Wilson,WR,0.0,0,4.6,-4.6,,348.0,518.0,512.0
DD-0681,Dalyn,Dawkins,Dalyn Dawkins,RB,0.0,0,2.6,-2.6,,348.0,518.0,538.0
CS-1925,Cam,Sims,Cam Sims,WR,0.0,0,2.7,-2.7,,348.0,518.0,532.0
AP-0388,Andre,Patton,Andre Patton,WR,0.0,0,5.6,-5.6,,348.0,518.0,498.0
CM-1650,Codey,McElroy,Codey McElroy,WR,0.0,0,3.0,-3.0,,348.0,518.0,526.0
CL-0125,Chris,Lacy,Chris Lacy,WR,0.0,0,6.0,-6.0,,348.0,518.0,491.0
CB-1650,Christian,Blake,Christian Blake,WR,0.0,0,9.1,-9.1,,348.0,518.0,461.0
CB-1750,C.J.,Board,C.J. Board,WR,0.0,0,3.1,-3.1,,348.0,518.0,524.0
RN-0025,Ryan,Nall,Ryan Nall,RB,0.0,0,0.8,-0.8,,348.0,518.0,589.0
RD-0150,Rashard,Davis,Rashard Davis,WR,0.0,0,1.6,-1.6,,348.0,518.0,559.0
RD-0450,Robert,Davis,Robert Davis,WR,0.0,0,1.7000000000000002,-1.7000000000000002,,348.0,518.0,553.0
RB-2350,Reggie,Bonnafon,Reggie Bonnafon,RB,0.0,0,25.3,-25.3,,348.0,518.0,364.0
NB-0125,Nick,Bawden,Nick Bawden,RB,0.0,0,1.7,-1.7,,348.0,518.0,556.0
IF-0175,Isaiah,Ford,Isaiah Ford,WR,0.0,0,25.5,-25.5,,348.0,518.0,362.0
CC-0775,Cethan,Carter,Cethan Carter,TE,0.0,0,7.3,-7.3,,348.0,518.0,478.0
GW-0250,Greg,Ward Jr.,Greg Ward Jr.,WR,0.0,0,31.9,-31.9,,348.0,518.0,334.0
AL-0387,Allen,Lazard,Allen Lazard,WR,0.0,0,67.8,-67.14117647058822,-101.91071428571428,348.0,518.0,221.0
GH-1162,Gregory,Howell,Gregory Howell,RB,0.0,0,1.0,-1.0,,348.0,518.0,581.0
CH-3775,Cody,Hollister,Cody Hollister,WR,0.0,0,1.3,-1.3,,348.0,518.0,568.0
BB-1950,Braxton,Berrios,Braxton Berrios,WR,0.0,0,9.5,-9.5,,348.0,518.0,456.0
BP-1375,Byron,Pringle,Byron Pringle,WR,0.0,0,23.0,-23.0,,348.0,518.0,375.0
CG-2162,Cyril,Grayson,Cyril Grayson,WR,0.0,0,0.3,-0.3,,348.0,518.0,611.0
FB-0750,Fred,Brown,Fred Brown,WR,0.0,0,2.1,-2.1,,348.0,518.0,544.0
QE-0100,Quincy,Enunwa,Quincy Enunwa,WR,-0.4,0,0.0,0.0,,646.0,518.0,618.0
TC-0450,Tra,Carson,Tra Carson,RB,0.0,0,6.6,-6.6,,348.0,518.0,482.0
RG-0012,Rico,Gafford,Rico Gafford,WR,0.0,0,14.6,-14.6,,348.0,518.0,424.0
AI-0050,Alec,Ingold,Alec Ingold,RB,0.0,0,12.1,-12.1,-inf,348.0,518.0,440.0
BS-2950,Benny,Snell Jr.,Benny Snell Jr.,RB,0.0,0,54.90000000000001,-54.90000000000001,-inf,348.0,518.0,252.0
CG-1015,Cullen,Gillaspia,Cullen Gillaspia,RB,0.0,0,0.0,0.0,,348.0,518.0,618.0
DH-1362,Damien,Harris,Damien Harris,RB,0.0,0,1.2,-1.2,-inf,348.0,518.0,571.0
DH-2325,Darrell,Henderson,Darrell Henderson,RB,0.0,0,18.4,-18.4,-inf,348.0,518.0,403.0
JG-2687,Jaeden,Graham,Jaeden Graham,TE,0.0,0,20.9,-20.9,,348.0,518.0,387.0
AB-1125,Andrew,Beck,Andrew Beck,RB,0.0,0,15.54,-15.54,-inf,348.0,518.0,419.0
DO-0600,Devine,Ozigbo,Devine Ozigbo,RB,0.0,0,5.0,-5.0,-inf,348.0,518.0,504.0
KH-2075,Krishawn,Hogan,Krishawn Hogan,WR,0.0,0,0.4,-0.4,,348.0,518.0,604.0
DW-3906,Dexter,Williams,Dexter Williams,RB,0.0,0,1.1,-1.1,-inf,348.0,518.0,575.0
JH-4250,Jonathan,Hilliman,Jonathan Hilliman,RB,0.0,0,5.199999999999998,-5.199999999999998,-inf,348.0,518.0,502.0
JN-0625,J.J.,Nelson,J.J. Nelson,WR,0.0,0,9.6,-9.6,,348.0,518.0,454.0
JJ-2518,Jakob,Johnson,Jakob Johnson,RB,0.0,0,0.5,-0.5,-inf,348.0,518.0,599.0
JS-0825,Jordan,Scarlett,Jordan Scarlett,RB,0.0,0,0.9,-0.9,-inf,348.0,518.0,584.0
RI-0500,Ryan,Izzo,Ryan Izzo,TE,0.3,0,17.1,-16.817647058823532,-59.56250000000001,340.0,518.0,409.0
KW-0922,Kerrith,Whyte Jr.,Kerrith Whyte Jr.,RB,0.0,0,13.1,-13.1,-inf,348.0,518.0,434.0
WG-0750,Will,Grier,Will Grier,QB,0.0,0,1.3200000000000005,-1.3200000000000005,-inf,348.0,518.0,567.0
RF-0450,Ryan,Finley,Ryan Finley,QB,0.0,0,24.66,-24.66,-inf,348.0,518.0,368.0
SM-2825,Steven,Mitchell,Steven Mitchell,WR,0.0,0,3.7,-3.7,,348.0,518.0,521.0
KR-0312,Kalif,Raymond,Kalif Raymond,WR,0.0,0,22.5,-23.4469387755102,24.760775862068968,348.0,518.0,380.0
JM-6775,Johnny,Mundt,Johnny Mundt,TE,0.0,0,2.6,-2.357575757575757,-9.725,348.0,518.0,538.0
PB-0725,Pharaoh,Brown,Pharaoh Brown,TE,0.0,0,2.7,-2.7,,348.0,518.0,532.0
DW-2850,D'haquille,Williams,D'haquille Williams,WR,0.0,0,22.6,-22.6,,348.0,518.0,379.0
TC-2050,Tevin,Coleman,Tevin Coleman,RB,5.6,0,110.79999999999998,-110.79999999999998,,185.0,518.0,127.0
TM-2362,Trace,McSorley,Trace McSorley,QB,0.0,0,0.1,-0.1,-inf,348.0,518.0,615.0
DB-2750,David,Blough,David Blough,QB,0.0,0,55.36,-55.36,-inf,348.0,518.0,251.0
DH-3450,Devlin,Hodges,Devlin Hodges,QB,0.0,0,52.32000000000001,-52.32000000000001,-inf,348.0,518.0,262.0
DL-1787,Drew,Lock,Drew Lock,QB,0.0,0,68.0,-68.0,-inf,348.0,518.0,220.0
SP-0850,Senorise,Perry,Senorise Perry,RB,0.0,0,0.4,0.23209876543209876,0.3671875,348.0,518.0,604.0
JS-6787,Jarrett,Stidham,Jarrett Stidham,QB,0.0,0,-1.64,1.64,inf,348.0,518.0,648.0
DY-0075,Deon,Yelder,Deon Yelder,TE,0.0,0,5.0,-5.0,,348.0,518.0,504.0
DH-1912,Dwayne,Haskins,Dwayne Haskins,QB,0.0,0,79.69999999999997,-79.69999999999997,-inf,348.0,518.0,190.0
VB-0325,Ventell,Bryant,Ventell Bryant,WR,0.0,0,7.5,-7.5,-inf,348.0,518.0,475.0
DJ-2275,Daniel,Jones,Daniel Jones,QB,-0.8199999999999998,-12,218.8,-231.1,18.78861788617887,647.0,653.0,24.0
